eplenmean,eprewmean,eval_eplenmean,eval_eprewmean,fps,loss/approxkl,loss/clipfrac,loss/policy_entropy,loss/policy_loss,loss/value_loss,misc/explained_variance,misc/nupdates,misc/serial_timesteps,misc/time_elapsed,misc/total_timesteps
87.84,-2.04,84.43,-1.97,976,0.0008967999,0.0,2.707229,-0.0013012611,0.5677875,-0.1554262638092041,1,256,16.777538344000277,16384
83.28,-2.84,82.09,-2.48,1418,0.0007440921,0.00044759116,2.704033,-0.0012091476,0.19553524,-0.014595508575439453,2,512,28.330645596999602,32768
80.37,-1.68,88.35,-1.89,1395,0.00030719422,0.0,2.698024,6.702227e-05,0.15568604,0.06386590003967285,3,768,40.070311079998646,49152
76.6,-2.68,85.14,-2.18,1400,0.00051014224,6.1035156e-05,2.6976871,-0.0001586378,0.16001956,0.06667351722717285,4,1024,51.773506805999205,65536
80.87,-1.84,82.54,-2.35,1367,0.0017765219,0.0040486655,2.6892793,-0.0008914233,0.13911995,0.009793102741241455,5,1280,63.75614284199946,81920
80.38,-2.11,82.65,-1.66,1383,0.0017011343,0.00012207031,2.6810958,-0.0010302265,0.12469881,0.0735209584236145,6,1536,75.59948264800005,98304
73.97,-1.57,80.99,-2.48,1386,0.0020494342,0.008036296,2.6707973,-0.0012396135,0.14607714,0.09503871202468872,7,1792,87.4187503510002,114688
77.84,-1.7,78.32,-1.81,1402,0.0042576124,0.040445965,2.6548867,-0.0027492319,0.12928054,0.20320618152618408,8,2048,99.10212087099899,131072
75.31,-1.58,80.56,-1.96,1389,0.0031783488,0.020528158,2.6504567,-0.0024024823,0.11651868,0.3587847352027893,9,2304,110.890714191999,147456
76.55,-1.49,77.76,-2.03,1401,0.0031034958,0.02492269,2.6493826,-0.0030261173,0.10465187,0.3828786015510559,10,2560,122.57829093500004,163840
74.72,-1.33,80.32,-1.65,1387,0.003740385,0.03322347,2.6401803,-0.004764326,0.10628923,0.48230189085006714,11,2816,134.3846862499995,180224
75.53,-0.95,77.87,-0.86,1397,0.0054195863,0.05954997,2.6296566,-0.0064701927,0.07721657,0.6021088361740112,12,3072,146.1118128379985,196608
75.43,-1.28,82.03,-1.32,1383,0.0050279927,0.05094401,2.622254,-0.005645482,0.084143005,0.6236631572246552,13,3328,157.95286702399972,212992
78.13,-1.22,79.45,-1.93,1392,0.005359108,0.053344727,2.6181114,-0.005947852,0.08513843,0.6569596529006958,14,3584,169.72195560899854,229376
75.9,-0.65,80.51,-1.58,1383,0.0053975414,0.059061687,2.6222298,-0.00703555,0.07695966,0.6753131449222565,15,3840,181.56708314199932,245760
78.48,-0.55,82.85,-1.8,1393,0.006655155,0.079956055,2.6123004,-0.008488803,0.073025644,0.7187036871910095,16,4096,193.323719521999,262144
79.71,-0.41,80.07,-0.81,1385,0.007234799,0.089904785,2.6044579,-0.009150229,0.06783795,0.7089979648590088,17,4352,205.15110864899907,278528
78.1,-0.52,82.94,-1.31,1399,0.006731602,0.083496094,2.5962238,-0.0075344853,0.08703511,0.714757889509201,18,4608,216.859286891,294912
75.34,-0.39,81.75,-1.01,1384,0.007772127,0.09857178,2.597833,-0.008011396,0.08037235,0.6335927844047546,19,4864,228.69229178800015,311296
76.35,-0.12,87.57,-1.49,1400,0.008066147,0.100870766,2.584873,-0.009150144,0.07514907,0.7119652032852173,20,5120,240.39131026900031,327680
74.77,0.06,86.98,-1.19,1389,0.0074376795,0.09275309,2.5753317,-0.0085906265,0.063616745,0.7347733676433563,21,5376,252.1859537299988,344064
81.19,-0.24,87.15,-0.71,1397,0.008236449,0.102986656,2.561184,-0.008223564,0.07536092,0.7390227019786835,22,5632,263.9133098940001,360448
72.91,-0.46,86.62,-1.14,1388,0.009578893,0.12827556,2.526081,-0.010106666,0.08136625,0.7531538754701614,23,5888,275.715673454999,376832
82.35,0.02,90.85,-1.35,1401,0.008618866,0.11027018,2.5209556,-0.0091884555,0.071413405,0.8228325843811035,24,6144,287.40631395299897,393216
83.83,0.02,95.61,-1.32,1391,0.00915673,0.117879234,2.5227761,-0.008597164,0.054626253,0.7523524016141891,25,6400,299.184101715,409600
84.24,0.17,84.72,-0.6,1402,0.009537459,0.12640381,2.511783,-0.010077026,0.061763298,0.8151870369911194,26,6656,310.8686139929996,425984
83.4,0.41,80.96,-0.77,1377,0.00871881,0.113220215,2.515554,-0.0073565957,0.056495946,0.7618951499462128,27,6912,322.76113456500025,442368
79.39,0.28,83.98,-0.83,1404,0.010880146,0.14485677,2.5122497,-0.009191844,0.056607205,0.7717904150485992,28,7168,334.4261668170002,458752
75.58,0.42,92.14,-0.93,1386,0.009760199,0.12874348,2.5082183,-0.009490447,0.053958017,0.7712423652410507,29,7424,346.2469172410001,475136
84.62,0.53,85.18,-0.4,1402,0.009905263,0.12917073,2.5132995,-0.011468706,0.04858227,0.7384483814239502,30,7680,357.9284958850003,491520
82.81,0.4,87.17,-0.85,1388,0.011035942,0.14693196,2.5039597,-0.009647462,0.059381563,0.7526470422744751,31,7936,369.7256663669996,507904
84.92,0.83,84.58,-0.72,1405,0.011112422,0.14615886,2.506152,-0.009780116,0.06027129,0.7397600412368774,32,8192,381.38618810799926,524288
84.93,0.89,84.14,-0.76,1391,0.01104087,0.14471436,2.504729,-0.009118129,0.042756688,0.7954037338495255,33,8448,393.1591146069986,540672
87.0,0.57,85.82,-0.34,1392,0.010990214,0.14076741,2.5040946,-0.009995063,0.05032745,0.7147964537143707,34,8704,404.92232218999925,557056
86.36,0.94,90.07,-0.62,1388,0.01072694,0.14312744,2.5047083,-0.009146296,0.043586884,0.7354212701320648,35,8960,416.72166324599857,573440
85.63,0.85,85.08,-0.29,1397,0.012148698,0.15822347,2.4921217,-0.0090011805,0.051911663,0.7064056098461151,36,9216,428.4435237380003,589824
83.23,0.96,91.46,-0.85,1394,0.012331635,0.15055339,2.4901178,-0.009660044,0.063100494,0.6402556896209717,37,9472,440.19322889700015,606208
85.73,1.06,94.7,-0.86,1402,0.011647643,0.1486613,2.5112193,-0.010414791,0.059886903,0.6635046303272247,38,9728,451.87564780699904,622592
90.42,1.38,83.38,-0.46,1385,0.011746383,0.15024821,2.511275,-0.008561533,0.03943106,0.715284675359726,39,9984,463.69826225199904,638976
85.66,1.17,86.96,-0.54,1403,0.011972916,0.15635173,2.501178,-0.010914746,0.04319866,0.7437466084957123,40,10240,475.3759354419999,655360
77.26,1.32,99.36,-0.81,1384,0.01414791,0.17323811,2.4790223,-0.009465477,0.039455008,0.7516211718320847,41,10496,487.208386545999,671744
83.36,1.34,85.62,-0.37,1397,0.0135457525,0.17938232,2.4753892,-0.010598355,0.031774614,0.7861363440752029,42,10752,498.9332158779998,688128
85.17,1.64,86.95,-0.47,1385,0.015200854,0.18611653,2.4597218,-0.008940858,0.03112553,0.7897991687059402,43,11008,510.7565473679988,704512
91.28,1.32,84.75,-0.29,1400,0.01572071,0.18735759,2.4692233,-0.0104120625,0.03396788,0.7494382560253143,44,11264,522.4568272039996,720896
95.13,1.49,88.78,-0.3,1391,0.014882378,0.19081624,2.456433,-0.0112585435,0.043806,0.770685687661171,45,11520,534.2283402199992,737280
84.22,1.22,93.9,0.06,1401,0.016749326,0.20731609,2.4317567,-0.009092409,0.042972114,0.7957028746604919,46,11776,545.9210798490003,753664
86.76,1.85,85.01,-0.73,1389,0.0152742155,0.19295247,2.4480898,-0.009276248,0.036955196,0.8075221329927444,47,12032,557.7105089259985,770048
93.77,1.6,86.26,-0.51,1400,0.017096184,0.21435547,2.4358418,-0.010674179,0.049914416,0.743044376373291,48,12288,569.4086898109999,786432
91.85,1.45,88.76,-0.61,1391,0.016232729,0.2061971,2.434086,-0.009397547,0.054202437,0.7688012272119522,49,12544,581.1863857169992,802816
90.53,1.95,91.46,-0.55,1398,0.01592028,0.19659424,2.4529822,-0.010669523,0.050844956,0.7722726166248322,50,12800,592.906410009,819200
86.29,1.32,83.82,-0.41,1390,0.015425529,0.19685872,2.4646363,-0.010076556,0.04737045,0.8016118556261063,51,13056,604.6905696869999,835584
93.85,1.49,86.6,-0.46,1402,0.014506739,0.18819173,2.4795887,-0.010468547,0.048319656,0.8018854558467865,52,13312,616.3739474319991,851968
93.58,2.34,86.2,-0.23,1392,0.01399007,0.17923991,2.4569695,-0.010925458,0.02677049,0.8903368562459946,53,13568,628.1382305709994,868352
101.58,1.64,89.34,-0.57,1394,0.01638314,0.20501709,2.4340174,-0.011067723,0.05832456,0.7946405112743378,54,13824,639.8895922859992,884736
95.58,1.8,88.23,-0.53,1390,0.016664999,0.21228027,2.4243143,-0.011881814,0.03687826,0.8542356640100479,55,14080,651.670460026,901120
89.39,2.04,91.48,-0.46,1400,0.017993549,0.21962483,2.4049523,-0.01027555,0.04037394,0.8641162514686584,56,14336,663.369203672999,917504
98.42,2.27,86.94,-0.53,1388,0.014534663,0.18432617,2.430704,-0.0073632556,0.043156076,0.8647577315568924,57,14592,675.1716145369992,933888
103.85,2.06,99.36,-0.93,1403,0.01599761,0.19437663,2.4300652,-0.010785653,0.058507025,0.8131678998470306,58,14848,686.845714015999,950272
108.43,2.55,92.57,-0.59,1389,0.014006053,0.17919922,2.4355948,-0.009103055,0.035396766,0.8678129017353058,59,15104,698.6388545209993,966656
111.47,2.26,90.09,-0.25,1403,0.017000081,0.20495605,2.4233983,-0.009994498,0.05637726,0.828577920794487,60,15360,710.3103997199996,983040
111.1,1.72,100.78,-0.85,1398,0.018413978,0.22174072,2.4213145,-0.0109249875,0.065394,0.8281846940517426,61,15616,722.0252300639986,999424
122.96,2.78,102.27,-0.84,1405,0.016132131,0.2056071,2.39513,-0.010720613,0.050122887,0.8622307479381561,62,15872,733.6853682919991,1015808
104.83,1.97,94.43,-0.42,1388,0.016403904,0.20910645,2.4059837,-0.012855184,0.051171433,0.8456102460622787,63,16128,745.4878922799999,1032192
103.19,2.12,102.07,-0.61,1401,0.018597761,0.22941081,2.3925102,-0.0082150735,0.046600346,0.8811250776052475,64,16384,757.177898472999,1048576
115.85,2.35,108.35,-0.47,1394,0.018071488,0.22135417,2.3916001,-0.011436728,0.06457827,0.8312980383634567,65,16640,768.9254891469991,1064960
115.83,2.23,107.09,-0.04,1404,0.019044837,0.23520915,2.390971,-0.012977493,0.061314974,0.8381600379943848,66,16896,780.5891415979986,1081344
115.47,2.23,96.77,0.22,1389,0.017002648,0.21844482,2.3938973,-0.0100434655,0.06041119,0.8428776413202286,67,17152,792.3825324919999,1097728
121.14,2.82,101.04,0.25,1404,0.017535048,0.2208252,2.355227,-0.009235765,0.044419184,0.8996376246213913,68,17408,804.0513333250001,1114112
123.72,2.67,105.55,0.05,1393,0.017883139,0.22216797,2.352452,-0.011663678,0.053321976,0.8829469680786133,69,17664,815.8125833639988,1130496
125.11,2.78,106.43,0.23,1400,0.017045569,0.21164958,2.3484251,-0.010420342,0.049435284,0.8892237618565559,70,17920,827.5145981939986,1146880
122.91,2.69,112.61,-0.74,1389,0.017314319,0.21230061,2.3581908,-0.012363557,0.054482248,0.8911944031715393,71,18176,839.3072222139999,1163264
129.53,2.99,112.95,-0.09,1405,0.017177748,0.21577962,2.3472223,-0.008692113,0.07454469,0.8639761805534363,72,18432,850.9629621530003,1179648
114.44,2.36,114.14,0.74,1388,0.018123599,0.22068278,2.3464897,-0.011043463,0.04759373,0.8972384184598923,73,18688,862.7634575889988,1196032
125.68,2.82,113.89,0.07,1403,0.020288015,0.24550374,2.324611,-0.009829116,0.06035854,0.8894714638590813,74,18944,874.4372564139994,1212416
114.49,2.74,104.82,0.33,1391,0.019321788,0.2341512,2.326966,-0.012765373,0.051985245,0.8822977021336555,75,19200,886.2092999369997,1228800
136.88,3.27,111.33,0.39,1403,0.016212342,0.20243327,2.3351462,-0.006221906,0.06084938,0.8847331330180168,76,19456,897.8858601350003,1245184
129.84,3.3,108.29,0.63,1390,0.019313632,0.22898357,2.323771,-0.008951573,0.08859097,0.8462695777416229,77,19712,909.6656204020001,1261568
126.58,3.11,114.25,0.46,1403,0.017931113,0.22481282,2.3195508,-0.009356919,0.046999518,0.8801525458693504,78,19968,921.3409695279988,1277952
125.0,2.63,116.25,0.61,1389,0.020011006,0.23740642,2.3135173,-0.012024728,0.051089887,0.9103744998574257,79,20224,933.1324203099994,1294336
135.73,3.17,127.47,0.8,1388,0.014321503,0.17773438,2.3201146,-0.0063582906,0.076226085,0.8607943654060364,80,20480,944.9340827929991,1310720
131.37,3.61,118.66,0.44,1390,0.014775778,0.18271892,2.3014538,-0.005280026,0.093256265,0.8644251972436905,81,20736,956.7150681509993,1327104
139.4,3.39,126.25,0.65,1402,0.019433506,0.23573811,2.324951,-0.0136111155,0.067586385,0.8620526492595673,82,20992,968.3981098699987,1343488
132.02,3.11,119.37,0.65,1390,0.019704219,0.23152669,2.3153694,-0.008768857,0.06563963,0.8650095015764236,83,21248,980.181601848999,1359872
143.37,3.95,124.15,0.83,1400,0.015916402,0.19952393,2.3287814,-0.0052483454,0.09649551,0.8502007722854614,84,21504,991.8830616489995,1376256
141.46,3.6,129.12,1.09,1395,0.017260661,0.21150716,2.3199759,-0.0077775544,0.07320837,0.8909250870347023,85,21760,1003.626347288,1392640
149.65,3.99,115.18,1.32,1406,0.016303508,0.19755046,2.3318968,-0.009408195,0.088664494,0.8213995099067688,86,22016,1015.2739390169991,1409024
151.08,4.03,139.32,1.12,1392,0.016449632,0.20371501,2.318352,-0.0068614543,0.11499096,0.8312041163444519,87,22272,1027.0367531379998,1425408
151.91,4.01,123.39,1.18,1406,0.016205037,0.19799805,2.3340693,-0.0073203593,0.105643265,0.8735449910163879,88,22528,1038.683696831,1441792
151.47,3.92,120.38,1.0,1399,0.017579814,0.21431477,2.309413,-0.010855883,0.06513851,0.9074740186333656,89,22784,1050.3933810399994,1458176
140.09,3.82,133.82,0.7,1409,0.01777716,0.20739746,2.3133295,-0.010865361,0.07003818,0.9048143699765205,90,23040,1062.0159304129993,1474560
148.89,4.58,143.15,1.68,1391,0.014425301,0.18526204,2.306637,-0.006114137,0.11293036,0.8755259364843369,91,23296,1073.7893959579997,1490944
165.16,4.82,138.33,1.03,1403,0.015531555,0.19390869,2.310559,-0.011537229,0.08481267,0.9206980839371681,92,23552,1085.4649594949988,1507328
138.68,3.91,146.26,1.59,1394,0.016230585,0.2027181,2.313872,-0.010631643,0.059303936,0.9245219901204109,93,23808,1097.2123481709987,1523712
145.11,3.69,144.61,0.43,1410,0.017628282,0.21146648,2.3028705,-0.007312073,0.1100781,0.8962941691279411,94,24064,1108.831517126,1540096
162.51,4.75,134.31,0.17,1394,0.017833585,0.21006267,2.309261,-0.0064857416,0.1313233,0.8942580223083496,95,24320,1120.5777905859995,1556480
160.3,4.89,128.6,0.81,1400,0.016273992,0.19932048,2.3051388,-0.0064522247,0.12681581,0.9007447510957718,96,24576,1132.2756004949988,1572864
166.06,5.36,153.45,2.28,1390,0.016984133,0.2009074,2.284247,-0.007754194,0.10141911,0.9338280633091927,97,24832,1144.0554405179992,1589248
167.35,5.16,128.3,1.63,1404,0.0162878,0.20182292,2.2799795,-0.0074652894,0.1257622,0.9234784319996834,98,25088,1155.7200907309998,1605632
174.1,4.91,116.97,0.81,1393,0.02067192,0.22698975,2.283023,-0.007925592,0.1821267,0.8679946810007095,99,25344,1167.4787078560003,1622016
152.6,4.26,116.8,0.96,1404,0.01886343,0.2228597,2.2810218,-0.008360586,0.15523128,0.8846006616950035,100,25600,1179.1413232879986,1638400
175.37,5.17,142.92,1.78,1394,0.017550593,0.21138509,2.2609031,-0.006731031,0.14385448,0.9103145152330399,101,25856,1190.8943114429985,1654784
152.54,4.95,166.78,2.11,1406,0.01833061,0.22823079,2.2644234,-0.009667088,0.095846586,0.9302006810903549,102,26112,1202.5424873430002,1671168
171.77,6.06,146.14,2.48,1390,0.016686475,0.20810954,2.2406871,-0.0068059894,0.11720187,0.9417453221976757,103,26368,1214.3274577269985,1687552
176.5,6.3,153.24,1.68,1400,0.017925296,0.21313477,2.2386527,-0.007480409,0.15462299,0.9253786355257034,104,26624,1226.024129301999,1703936
172.94,4.98,145.72,2.02,1387,0.018828003,0.22137451,2.2260048,-0.008825257,0.16474153,0.9125500321388245,105,26880,1237.8349739959995,1720320
161.33,5.94,142.05,1.97,1405,0.018835476,0.22578938,2.1896203,-0.0066230125,0.13963248,0.9476434737443924,106,27136,1249.4922406859987,1736704
181.3,7.18,146.27,1.02,1384,0.018883033,0.23303223,2.2210062,-0.009079696,0.101978086,0.9618227370083332,107,27392,1261.3235251770002,1753088
158.44,4.83,141.3,2.28,1406,0.017938916,0.22125244,2.2465756,-0.011363386,0.13338357,0.9309903457760811,108,27648,1272.973493991998,1769472
170.07,5.86,152.48,2.2,1392,0.018591512,0.2234904,2.229195,-0.009904482,0.12569475,0.939974419772625,109,27904,1284.7421417429978,1785856
165.74,5.62,142.64,1.96,1411,0.018396657,0.22277832,2.2282238,-0.008113725,0.15558374,0.9360851496458054,110,28160,1296.3486028799998,1802240
184.5,5.9,163.17,1.31,1396,0.019240113,0.22780354,2.2213306,-0.0094718,0.1710986,0.9293222203850746,111,28416,1308.0843511679996,1818624
169.38,5.91,148.19,1.33,1401,0.017280823,0.2154134,2.2234793,-0.008854613,0.14027314,0.9482021294534206,112,28672,1319.7736629619976,1835008
189.87,6.67,147.63,2.71,1388,0.016901288,0.20485432,2.2295523,-0.0065706396,0.14073755,0.9284073710441589,113,28928,1331.5716512689978,1851392
207.14,6.99,154.88,2.44,1400,0.021067588,0.23872884,2.217953,-0.010173978,0.18531524,0.9212275817990303,114,29184,1343.268287630999,1867776
195.95,7.56,174.59,3.91,1397,0.017858785,0.2185262,2.185009,-0.004319009,0.21370794,0.9337836503982544,115,29440,1354.9966870559983,1884160
215.82,8.98,144.28,1.66,1407,0.016598051,0.20709229,2.212371,-0.009948835,0.15482034,0.9502457864582539,116,29696,1366.634110785999,1900544
216.33,8.2,160.72,3.12,1394,0.017360112,0.21488445,2.1841247,-0.005089618,0.15351653,0.952178604900837,117,29952,1378.3848838459999,1916928
210.4,8.21,155.83,2.79,1402,0.019575333,0.22959392,2.191656,-0.009879488,0.18281533,0.9505521655082703,118,30208,1390.070006637001,1933312
194.97,7.22,154.92,2.06,1390,0.017995602,0.21972656,2.2309818,-0.009552299,0.14748678,0.9561707377433777,119,30464,1401.8514203189989,1949696
235.29,8.79,165.75,2.15,1406,0.018897384,0.22780354,2.2237446,-0.009685858,0.13563195,0.949150487780571,120,30720,1413.5011781499998,1966080
203.44,6.62,162.43,2.33,1384,0.01747863,0.2120158,2.2337418,-0.009753836,0.1368638,0.9448178447782993,121,30976,1425.337270191998,1982464
195.74,7.58,144.62,1.49,1405,0.018113783,0.22198486,2.225866,-0.008270067,0.1535651,0.9484745636582375,122,31232,1436.995937536998,1998848
210.31,6.93,158.74,2.49,1393,0.016769746,0.20613606,2.227431,-0.007435955,0.13032788,0.9614502191543579,123,31488,1448.7506056839993,2015232
179.54,6.32,170.45,2.62,1407,0.017718317,0.2132365,2.2135947,-0.01100849,0.15459402,0.9573868215084076,124,31744,1460.3916061210002,2031616
200.68,7.17,171.89,2.61,1394,0.017642574,0.20808919,2.1878662,-0.0060847164,0.171126,0.9604519754648209,125,32000,1472.141176934998,2048000
223.55,9.74,157.67,2.59,1407,0.01695186,0.20522054,2.1940289,-0.00736594,0.17816669,0.962142251431942,126,32256,1483.7808289120003,2064384
212.23,8.83,165.24,2.61,1391,0.018931886,0.22821045,2.213909,-0.012725532,0.18473436,0.9508177861571312,127,32512,1495.5550614439999,2080768
197.34,6.33,155.92,2.76,1408,0.018076863,0.2160848,2.23757,-0.009498057,0.2118228,0.9356568455696106,128,32768,1507.1896332469987,2097152
221.65,7.62,152.15,2.24,1397,0.016359752,0.206604,2.204405,-0.008823232,0.19593918,0.9491846561431885,129,33024,1518.9144549349985,2113536
214.99,7.42,134.98,1.8,1401,0.019181307,0.22369385,2.2186863,-0.0063933455,0.2737309,0.9180860742926598,130,33280,1530.6046639289998,2129920
204.44,7.19,148.58,2.12,1393,0.015442859,0.18855794,2.2170866,-0.005455956,0.24013786,0.9378182664513588,131,33536,1542.3599856,2146304
238.1,8.56,190.51,3.3,1398,0.017363096,0.20389812,2.2114043,-0.008126442,0.228442,0.9432994425296783,132,33792,1554.074317519,2162688
203.84,7.96,164.31,2.14,1383,0.015839541,0.19453938,2.2047253,-0.0054185377,0.25174472,0.9447538740932941,133,34048,1565.915703104998,2179072
217.57,9.2,169.81,3.11,1406,0.017030345,0.20806885,2.217362,-0.0074407086,0.24599005,0.9406986944377422,134,34304,1577.5666165129987,2195456
234.72,9.41,185.61,3.32,1394,0.016182097,0.20644124,2.203737,-0.008961221,0.19405405,0.9552655704319477,135,34560,1589.319368542001,2211840
238.73,10.2,172.68,3.15,1402,0.02016218,0.2130127,2.2165291,-0.0038510885,0.2990554,0.9243112504482269,136,34816,1601.0021107629982,2228224
247.13,10.41,173.12,2.55,1389,0.017675115,0.21152751,2.214629,-0.008434382,0.30426696,0.9276444390416145,137,35072,1612.797085219001,2244608
218.5,8.92,181.21,3.11,1403,0.018099798,0.2131958,2.2482703,-0.01154768,0.17057975,0.951589222997427,138,35328,1624.4696937439985,2260992
235.21,9.41,196.71,3.8,1388,0.01908731,0.23225911,2.20735,-0.008933249,0.1827332,0.9552723318338394,139,35584,1636.2720362299988,2277376
259.29,11.59,200.48,4.36,1408,0.018048486,0.2111613,2.2198474,-0.010325812,0.22706747,0.9494033046066761,140,35840,1647.9087230500008,2293760
229.52,9.3,187.23,3.35,1397,0.017914046,0.22106934,2.2321415,-0.0120698735,0.17042021,0.9587229155004025,141,36096,1659.6340660269998,2310144
227.2,9.35,207.53,3.73,1405,0.017632289,0.21710205,2.2153616,-0.012195188,0.17040338,0.9552987664937973,142,36352,1671.2954011859983,2326528
263.53,11.25,191.08,2.95,1394,0.017030695,0.19980876,2.1819913,-0.007913147,0.25728834,0.9473972916603088,143,36608,1683.0453046910006,2342912
234.99,10.07,192.65,2.41,1405,0.014647019,0.18670654,2.2165694,-0.0075210775,0.18657489,0.9588028118014336,144,36864,1694.7007475729988,2359296
219.52,9.56,174.84,2.97,1395,0.016866932,0.20172119,2.2014353,-0.0105448915,0.22392423,0.9519024416804314,145,37120,1706.4417286520002,2375680
204.44,8.03,175.57,2.38,1401,0.018926168,0.22428386,2.1857924,-0.012989434,0.17081575,0.963368859142065,146,37376,1718.1331164309995,2392064
223.44,9.53,181.63,3.47,1391,0.016513834,0.20202637,2.2053227,-0.0056238007,0.19408758,0.9546936526894569,147,37632,1729.9101103860012,2408448
232.33,9.68,193.23,3.33,1408,0.018563984,0.21274821,2.159858,-0.008685305,0.25233558,0.9454689882695675,148,37888,1741.5432270489982,2424832
255.13,10.9,186.52,4.23,1391,0.019949716,0.23838298,2.1797664,-0.010119126,0.16605397,0.9667335413396358,149,38144,1753.3169185400002,2441216
223.19,9.49,203.1,4.35,1404,0.017777927,0.21628825,2.1736393,-0.010562944,0.22330295,0.9590060040354729,150,38400,1764.984998936001,2457600
239.69,10.32,207.22,4.26,1394,0.014003381,0.17728679,2.1587193,-0.005128479,0.20466459,0.9644329808652401,151,38656,1776.7311860519985,2473984
248.59,10.19,197.18,5.25,1406,0.017518686,0.2163086,2.172243,-0.0138444975,0.22239901,0.9597996175289154,152,38912,1788.3835940629979,2490368
248.23,11.03,204.9,3.71,1396,0.015657825,0.19809978,2.1812072,-0.008643485,0.16387175,0.9707303531467915,153,39168,1800.115041391,2506752
266.17,12.59,202.02,4.6,1403,0.014277582,0.18381755,2.1868021,-0.0067596384,0.1924302,0.9619069434702396,154,39424,1811.7934099269987,2523136
278.62,13.41,218.46,5.68,1390,0.015460539,0.18414307,2.1873107,-0.007316545,0.2030852,0.9559644758701324,155,39680,1823.5808680299997,2539520
257.3,11.76,223.76,5.54,1403,0.018851733,0.22851562,2.166392,-0.00982955,0.1840923,0.9629946388304234,156,39936,1835.2562202890003,2555904
250.88,10.69,199.32,4.46,1397,0.018722655,0.21815999,2.1422384,-0.008668342,0.21760297,0.9600519202649593,157,40192,1846.978734739998,2572288
280.58,12.47,229.16,5.77,1408,0.017676521,0.22318523,2.167137,-0.007758415,0.23510282,0.9612548463046551,158,40448,1858.612105174001,2588672
220.05,9.62,208.16,5.0,1394,0.017430779,0.20684814,2.2052388,-0.012340869,0.18572313,0.9653805606067181,159,40704,1870.3652388250011,2605056
230.81,10.02,204.72,2.61,1398,0.017050093,0.2051595,2.2233875,-0.012183052,0.23216586,0.9492561146616936,160,40960,1882.0795391909996,2621440
262.93,11.77,203.23,3.71,1398,0.018248826,0.21590169,2.2208683,-0.012267833,0.2478798,0.9440585076808929,161,41216,1893.7919455189985,2637824
266.26,10.12,219.81,6.29,1403,0.01453166,0.17905681,2.2034929,-0.0093782665,0.30589572,0.9359138533473015,162,41472,1905.4684258790003,2654208
277.82,12.5,225.72,6.17,1400,0.017896544,0.21759033,2.1804252,-0.010741343,0.22027983,0.9612734764814377,163,41728,1917.1646676130003,2670592
256.96,11.26,218.74,5.71,1409,0.017430058,0.2164917,2.1788714,-0.009364307,0.2966402,0.9456572830677032,164,41984,1928.7915834439991,2686976
245.82,10.29,218.53,6.19,1397,0.01930222,0.22701009,2.210221,-0.014407631,0.24665225,0.9370657652616501,165,42240,1940.517590372001,2703360
256.05,11.04,216.27,4.72,1404,0.014379755,0.18326823,2.2029543,-0.008715193,0.23119193,0.9577382430434227,166,42496,1952.1826389979979,2719744
252.64,11.05,252.27,5.86,1395,0.018194536,0.21710205,2.1960132,-0.011468731,0.283994,0.9427197203040123,167,42752,1963.9241691259995,2736128
262.97,11.37,256.38,6.5,1412,0.015529581,0.19624837,2.21535,-0.009363398,0.3078621,0.9412047676742077,168,43008,1975.5203605179995,2752512
271.27,11.37,240.39,5.65,1401,0.016815761,0.20656331,2.1986508,-0.011871394,0.25719216,0.9505558386445045,169,43264,1987.2083021670005,2768896
254.88,10.0,254.12,7.78,1406,0.017661508,0.2111206,2.2002792,-0.008203774,0.27590188,0.9430699087679386,170,43520,1998.8535517029995,2785280
267.0,11.43,244.55,6.86,1396,0.017473264,0.20918782,2.202341,-0.012197104,0.20610584,0.9598155654966831,171,43776,2010.5877033539982,2801664
267.62,12.37,237.88,6.97,1407,0.016491285,0.20070393,2.1931617,-0.010798206,0.22644584,0.9587334804236889,172,44032,2022.2313690019982,2818048
267.6,12.07,244.95,7.12,1395,0.018505678,0.22037761,2.2060034,-0.010259318,0.28319427,0.9500061795115471,173,44288,2033.9732468199982,2834432
268.5,13.06,244.3,7.21,1402,0.01604826,0.20292155,2.2103784,-0.012235166,0.16438346,0.9666343964636326,174,44544,2045.652473541999,2850816
288.01,14.2,240.64,7.62,1388,0.015872872,0.20088704,2.1938555,-0.009020495,0.24324472,0.9521939381957054,175,44800,2057.4553687410007,2867200
294.14,14.05,235.61,7.18,1411,0.016601697,0.20939128,2.20942,-0.01063026,0.27282965,0.9418255612254143,176,45056,2069.059633757999,2883584
279.42,13.2,240.48,6.67,1394,0.016573707,0.20821126,2.2126548,-0.011094816,0.18485641,0.9617427587509155,177,45312,2080.806265872001,2899968
280.22,13.87,225.15,6.7,1407,0.0146704195,0.18267822,2.217448,-0.006158687,0.26435623,0.9490807540714741,178,45568,2092.445575427999,2916352
274.92,12.87,204.44,5.25,1393,0.016386425,0.20188396,2.2268085,-0.010665521,0.18411297,0.9605183154344559,179,45824,2104.2004152689988,2932736
270.0,12.7,225.51,6.23,1405,0.017953975,0.21736653,2.2508676,-0.010683726,0.25350004,0.9375298321247101,180,46080,2115.8597532450003,2949120
260.59,11.77,224.93,5.16,1394,0.016617117,0.20113118,2.2240288,-0.011519309,0.24219824,0.941645909100771,181,46336,2127.6060965840006,2965504
284.09,12.55,230.11,6.09,1407,0.0144628845,0.17909749,2.2086146,-0.009460982,0.25789908,0.9442981593310833,182,46592,2139.2505576039985,2981888
299.68,13.65,220.64,5.25,1395,0.014636532,0.18007405,2.2044244,-0.008124265,0.28114948,0.9329064711928368,183,46848,2150.9926805180003,2998272
288.67,12.99,211.69,4.98,1409,0.018715749,0.20888264,2.2125072,-0.011253505,0.30593687,0.9289844557642937,184,47104,2162.616051819001,3014656
271.78,12.72,230.57,5.98,1391,0.01733167,0.21614583,2.2108023,-0.010768724,0.2720147,0.9376513510942459,185,47360,2174.3939618250006,3031040
273.05,13.92,243.96,7.54,1399,0.01610573,0.19569905,2.2031434,-0.010440823,0.2804147,0.9358598068356514,186,47616,2186.098661879001,3047424
279.12,12.87,234.91,6.79,1394,0.017791279,0.22009277,2.1914456,-0.0122465445,0.23017482,0.9476067163050175,187,47872,2197.8485046159985,3063808
301.08,13.68,232.78,6.67,1409,0.015931638,0.1986084,2.2236612,-0.009772627,0.28696015,0.9336810633540154,188,48128,2209.4712075530006,3080192
279.46,12.74,249.73,6.77,1398,0.017162114,0.20410156,2.207008,-0.010495904,0.30468377,0.921610988676548,189,48384,2221.187278022,3096576
282.0,12.27,238.23,7.38,1409,0.015049789,0.17911784,2.200792,-0.010985315,0.3169578,0.923126794397831,190,48640,2232.810735695999,3112960
297.27,12.96,256.6,8.84,1390,0.014867582,0.17989095,2.2118733,-0.0091522625,0.28883898,0.9348325282335281,191,48896,2244.5943294649987,3129344
283.66,12.87,276.73,10.53,1409,0.015902393,0.19285075,2.2035043,-0.008809822,0.32130423,0.9204758778214455,192,49152,2256.2172537410006,3145728
298.36,13.86,245.12,8.67,1409,0.01576204,0.18900554,2.1710489,-0.009568505,0.25492832,0.9354385286569595,193,49408,2267.840384390998,3162112
316.47,15.78,256.6,8.74,1393,0.013155908,0.16927083,2.2159107,-0.011688945,0.3075848,0.917901061475277,194,49664,2279.602524673999,3178496
312.77,14.9,251.42,7.5,1405,0.017020913,0.20298259,2.1985476,-0.00903492,0.2542034,0.935529313981533,195,49920,2291.257138533998,3194880
311.94,14.64,258.33,7.89,1392,0.016114367,0.19297282,2.1892989,-0.011060871,0.24496113,0.9431099370121956,196,50176,2303.0196540979996,3211264
311.27,15.71,271.97,8.78,1404,0.016386585,0.19694011,2.188125,-0.011156301,0.25302935,0.9407429918646812,197,50432,2314.684569145,3227648
310.19,15.4,272.91,8.17,1397,0.017474571,0.20715332,2.1913664,-0.009348948,0.29292092,0.9267060458660126,198,50688,2326.412563291,3244032
308.98,14.97,277.46,7.84,1407,0.01770744,0.20920818,2.1762383,-0.0081441095,0.28541675,0.9287241101264954,199,50944,2338.052140781001,3260416
313.47,14.78,268.19,8.74,1396,0.015553921,0.18937175,2.1644516,-0.009229475,0.19116224,0.9565190859138966,200,51200,2349.786879618001,3276800
312.79,16.05,270.09,9.63,1404,0.014905639,0.18129475,2.1605113,-0.009350623,0.1872369,0.9492354542016983,201,51456,2361.4530023490006,3293184
311.46,17.49,262.57,7.77,1401,0.014000338,0.17810059,2.166222,-0.0043778974,0.29990068,0.9417223744094372,202,51712,2373.1453202349985,3309568
308.34,15.03,243.46,6.92,1409,0.013604608,0.16001384,2.1585639,-0.0067530144,0.23027684,0.9466771557927132,203,51968,2384.769906556001,3325952
314.54,15.28,273.4,9.76,1396,0.017253993,0.20269775,2.162784,-0.009751095,0.20121448,0.9527222588658333,204,52224,2396.5031927989985,3342336
314.61,15.94,270.24,9.34,1404,0.019997964,0.22902425,2.155041,-0.009283717,0.25134566,0.9355106130242348,205,52480,2408.1692557549977,3358720
320.08,16.71,256.98,8.15,1388,0.017970804,0.2109375,2.1598415,-0.010328741,0.22430296,0.944605179131031,206,52736,2419.9691754829983,3375104
327.25,17.87,271.77,9.62,1398,0.0156092895,0.1889445,2.1523974,-0.0090704495,0.20771037,0.9463860839605331,207,52992,2431.683357656999,3391488
331.72,18.32,278.18,9.66,1381,0.017886734,0.21695964,2.1739106,-0.008982997,0.28951785,0.9244159981608391,208,53248,2443.542924794001,3407872
318.84,17.17,234.73,7.84,1396,0.015685434,0.1922404,2.181983,-0.00807959,0.22537547,0.9495513141155243,209,53504,2455.274439727,3424256
315.64,16.6,256.69,10.05,1399,0.01877473,0.21681722,2.1662347,-0.013664232,0.2892882,0.9263431578874588,210,53760,2466.982525009,3440640
306.54,15.67,286.52,10.87,1408,0.015711302,0.1930135,2.1847172,-0.009892894,0.35588607,0.9150311499834061,211,54016,2478.6122608449987,3457024
307.08,15.01,268.3,7.89,1395,0.017487409,0.20389812,2.1869943,-0.011432095,0.2475409,0.9448896497488022,212,54272,2490.3546883029994,3473408
315.35,15.97,275.08,7.09,1405,0.016315965,0.19950359,2.1768749,-0.008263838,0.25616148,0.9359894692897797,213,54528,2502.012376431001,3489792
341.04,18.11,267.82,7.64,1393,0.014821817,0.17458089,2.165583,-0.008753892,0.26006082,0.9327660948038101,214,54784,2513.7709227339983,3506176
337.51,18.0,290.63,10.98,1405,0.015223454,0.17852783,2.1617913,-0.010184349,0.24742113,0.9431758597493172,215,55040,2525.429910152001,3522560
341.49,17.91,293.2,10.91,1390,0.019759588,0.20585124,2.1817238,-0.00991455,0.313972,0.9138846471905708,216,55296,2537.2106551539982,3538944
351.42,19.21,269.07,8.86,1401,0.016036196,0.20225017,2.1589613,-0.011759254,0.23451531,0.9249468743801117,217,55552,2548.898166728999,3555328
344.47,18.8,289.17,9.91,1394,0.016400723,0.19506836,2.1380851,-0.0064881495,0.29372242,0.9198312982916832,218,55808,2560.646273151,3571712
352.67,19.95,288.34,10.71,1406,0.01346087,0.17071533,2.179101,-0.007961474,0.22226577,0.9145016446709633,219,56064,2572.2951679619982,3588096
351.58,19.07,294.11,12.33,1385,0.014846352,0.18027751,2.1551301,-0.008406593,0.34843418,0.9177176132798195,220,56320,2584.1247668489996,3604480
330.43,16.58,262.28,9.29,1411,0.017563388,0.20880127,2.1507413,-0.012642388,0.28364536,0.9237135127186775,221,56576,2595.7361133669983,3620864
335.7,17.19,253.78,9.46,1398,0.014509764,0.18314616,2.151213,-0.0053513316,0.28403854,0.9133402556180954,222,56832,2607.450179329,3637248
337.88,18.14,234.28,7.25,1410,0.013803501,0.16927083,2.1654391,-0.007921393,0.29166114,0.921739250421524,223,57088,2619.0631870020006,3653632
327.9,17.63,263.75,9.28,1398,0.019085081,0.21590169,2.1651852,-0.007750436,0.2601905,0.9092873334884644,224,57344,2630.782476075001,3670016
328.78,17.95,290.1,10.88,1409,0.018927993,0.2232666,2.1702118,-0.01106101,0.2432168,0.932966411113739,225,57600,2642.409085468,3686400
325.8,17.42,291.63,12.2,1399,0.015063573,0.17932129,2.153075,-0.009632873,0.32270613,0.9197990521788597,226,57856,2654.113123469,3702784
332.88,18.38,297.43,11.97,1409,0.017961541,0.21289062,2.1507607,-0.008336315,0.2123794,0.9499473981559277,227,58112,2665.7387414980003,3719168
347.87,18.81,298.29,11.15,1396,0.014069249,0.17248535,2.1632702,-0.00788111,0.29797047,0.9267614334821701,228,58368,2677.4740883749982,3735552
353.79,18.83,283.07,10.75,1413,0.016032303,0.19012451,2.1649072,-0.0083437115,0.34814167,0.9079032614827156,229,58624,2689.0691661069977,3751936
355.39,19.16,281.04,9.56,1399,0.014857907,0.18395996,2.1590612,-0.0063612596,0.2898036,0.9261284917593002,230,58880,2700.774305004001,3768320
347.26,18.55,270.5,8.41,1408,0.019444851,0.23083496,2.1649973,-0.011264126,0.2808137,0.9259318485856056,231,59136,2712.4080945959977,3784704
343.28,18.91,292.2,11.02,1394,0.01852145,0.21482341,2.1639984,-0.014118387,0.17863053,0.9338676035404205,232,59392,2724.161457628001,3801088
351.91,19.2,278.59,10.56,1409,0.015425026,0.18503825,2.1683385,-0.0067955335,0.282291,0.9253939166665077,233,59648,2735.786042336,3817472
340.79,18.1,267.93,9.52,1393,0.012244429,0.1515503,2.1710916,-0.005755635,0.28712323,0.9142439141869545,234,59904,2747.5410177609992,3833856
342.67,18.4,296.54,10.3,1407,0.0132909,0.15506999,2.1798425,-0.007869198,0.28906474,0.9190908595919609,235,60160,2759.1811915750004,3850240
337.6,17.99,288.41,10.09,1395,0.013563715,0.16540527,2.168997,-0.008325615,0.2179432,0.94722094014287,236,60416,2770.9257837839978,3866624
333.88,18.37,286.58,10.04,1402,0.016825443,0.20062256,2.1844306,-0.0083676195,0.17946677,0.951014619320631,237,60672,2782.6062592849994,3883008
342.76,19.47,301.57,10.39,1395,0.020655932,0.22666423,2.1746047,-0.0035474307,0.2727783,0.9135606065392494,238,60928,2794.3503057729977,3899392
351.24,19.63,288.65,10.3,1396,0.018918207,0.20794678,2.1523707,-0.007838172,0.33530498,0.9086090996861458,239,61184,2806.081983404998,3915776
339.03,19.95,280.44,9.99,1400,0.017876321,0.19862874,2.1883092,-0.009917011,0.27680254,0.9034783095121384,240,61440,2817.7786225989985,3932160
336.17,19.15,279.33,9.89,1411,0.016254999,0.19370525,2.1777065,-0.009803888,0.3552827,0.872869223356247,241,61696,2829.3873338560006,3948544
356.46,20.44,285.03,10.22,1392,0.014257796,0.17844646,2.173011,-0.011126134,0.17150913,0.9426450468599796,242,61952,2841.151429122001,3964928
344.45,20.01,257.44,8.41,1411,0.015199594,0.19321696,2.1864002,-0.007147702,0.33290166,0.8973155841231346,243,62208,2852.7629795850007,3981312
334.39,18.81,257.56,8.64,1393,0.012993515,0.16005452,2.208302,-0.009246881,0.28966108,0.9092416614294052,244,62464,2864.523671703999,3997696
339.41,18.71,282.49,11.04,1407,0.017515767,0.19956462,2.200094,-0.008774838,0.2757316,0.9295042082667351,245,62720,2876.163472119999,4014080
335.93,17.81,277.94,10.41,1395,0.01445197,0.17100017,2.1894176,-0.008845265,0.22866575,0.9375020302832127,246,62976,2887.9026936029986,4030464
340.4,18.69,283.39,10.63,1404,0.015348386,0.1815389,2.1921577,-0.009850726,0.25707573,0.919689767062664,247,63232,2899.5649522109998,4046848
352.44,19.45,280.41,10.73,1396,0.016202077,0.19718425,2.172119,-0.012204524,0.15110292,0.9567287117242813,248,63488,2911.295035103998,4063232
353.82,19.21,267.01,9.15,1396,0.017447216,0.2006836,2.1699905,-0.009183119,0.2608315,0.9262647479772568,249,63744,2923.0275517810005,4079616
329.26,17.82,283.16,9.89,1396,0.015768917,0.18636067,2.1862247,-0.00818111,0.36231634,0.8950650319457054,250,64000,2934.763351146001,4096000
320.92,16.91,278.97,9.48,1406,0.014866579,0.17926025,2.1866148,-0.0077653527,0.31740156,0.9022376090288162,251,64256,2946.412861953999,4112384
340.27,17.6,265.5,8.71,1396,0.013307646,0.15899658,2.1957314,-0.005094545,0.32883054,0.8972383439540863,252,64512,2958.1486726799994,4128768
349.84,18.61,286.28,10.77,1399,0.0148877725,0.18121338,2.1904504,-0.008647569,0.19701391,0.9020247757434845,253,64768,2969.8576799059992,4145152
351.51,20.06,308.2,13.0,1401,0.0146210445,0.17578125,2.2158558,-0.010004518,0.15436941,0.9448988176882267,254,65024,2981.5491571929997,4161536
350.77,20.27,291.55,10.96,1411,0.015178525,0.18105061,2.2114208,-0.009477139,0.2603033,0.902256041765213,255,65280,2993.153406431,4177920
337.76,18.82,280.76,10.2,1401,0.01551839,0.18129475,2.2063458,-0.007525345,0.31756052,0.8862663954496384,256,65536,3004.8472518419985,4194304
334.78,18.27,278.63,10.39,1406,0.014050242,0.15858968,2.2236755,-0.006487278,0.3361533,0.8814821466803551,257,65792,3016.496575369001,4210688
344.0,19.67,288.52,10.74,1395,0.0144613385,0.16888428,2.211587,-0.0064071864,0.21231292,0.9436065852642059,258,66048,3028.240987016001,4227072
353.69,20.28,303.52,12.48,1406,0.012528668,0.14990234,2.2272887,-0.00627264,0.19083339,0.9454889297485352,259,66304,3039.8871971629997,4243456
369.98,20.73,299.65,11.06,1396,0.015968459,0.1786906,2.1979563,-0.007332058,0.2031483,0.9119076505303383,260,66560,3051.6197290279997,4259840
370.05,21.22,310.52,10.73,1403,0.016349861,0.1856486,2.2006493,-0.0069416575,0.2061277,0.9407758824527264,261,66816,3063.2953313830003,4276224
357.59,20.61,320.48,12.2,1395,0.014491625,0.16969807,2.1920893,-0.006194589,0.2611386,0.9295546263456345,262,67072,3075.0359390349986,4292608
355.9,19.65,311.74,12.09,1401,0.014847866,0.1685791,2.1960042,-0.008119042,0.23978435,0.9126940071582794,263,67328,3086.7309478610005,4308992
355.0,20.24,304.51,12.33,1398,0.01619927,0.2029419,2.1870403,-0.010612044,0.14681551,0.959118265658617,264,67584,3098.4496205100004,4325376
336.76,18.84,309.74,12.13,1406,0.015989915,0.19252522,2.212208,-0.008790141,0.1375948,0.9619090110063553,265,67840,3110.0974059519976,4341760
351.94,18.91,322.17,13.44,1395,0.017244164,0.197347,2.1833231,-0.008879651,0.2295147,0.9326995611190796,266,68096,3121.835757613,4358144
341.44,18.2,320.85,12.86,1409,0.013592139,0.16369629,2.1892903,-0.008511038,0.1805258,0.9526310861110687,267,68352,3133.459213651,4374528
347.15,18.79,330.05,14.15,1391,0.019941106,0.21388753,2.1608007,-0.006970303,0.20833005,0.9354656785726547,268,68608,3145.236506295998,4390912
367.52,21.46,325.29,13.89,1410,0.014911208,0.17985027,2.1820977,-0.0078054233,0.19927482,0.93550905585289,269,68864,3156.853093007998,4407296
354.38,20.7,309.74,13.32,1397,0.018089654,0.20666504,2.1801195,-0.012510121,0.26988098,0.9118233844637871,270,69120,3168.577693002,4423680
352.4,19.68,316.06,13.44,1410,0.014384049,0.1786906,2.1602902,-0.007467056,0.16589989,0.951578214764595,271,69376,3180.193020679999,4440064
361.33,21.16,294.93,12.12,1397,0.010601617,0.123677574,2.168872,-0.003313841,0.25512564,0.9021489545702934,272,69632,3191.917492266999,4456448
363.64,21.88,304.31,12.61,1399,0.013963383,0.15443929,2.170679,-0.0037026752,0.16658676,0.9298127889633179,273,69888,3203.626987880998,4472832
371.26,22.48,322.68,14.21,1395,0.014668315,0.17488606,2.182131,-0.0037167717,0.32366127,0.8386617451906204,274,70144,3215.3709493179995,4489216
372.54,21.73,319.82,13.08,1407,0.011940946,0.14766438,2.1783762,-0.006907128,0.16047744,0.9415396302938461,275,70400,3227.013103702,4505600
359.28,21.21,315.78,11.54,1393,0.010910347,0.1305542,2.171356,-0.006183997,0.29401588,0.9100322276353836,276,70656,3238.772685852,4521984
369.5,21.56,298.29,11.0,1406,0.011243385,0.13238525,2.1652792,-0.006376915,0.21458425,0.9245602637529373,277,70912,3250.4242580690006,4538368
372.66,21.94,300.27,12.01,1395,0.010592263,0.12567139,2.1602933,-0.006973213,0.21842964,0.9223996624350548,278,71168,3262.1673909149977,4554752
353.27,20.82,318.52,13.24,1408,0.011766515,0.13930257,2.1614752,-0.0064783716,0.30461076,0.9170467406511307,279,71424,3273.797567313999,4571136
362.14,21.53,321.56,13.86,1401,0.01597673,0.1743571,2.1556144,-0.0045628916,0.25801122,0.9168066754937172,280,71680,3285.4906554490008,4587520
368.73,22.48,336.06,15.23,1407,0.019180974,0.21455891,2.1505353,-0.0075785914,0.2731898,0.9033642336726189,281,71936,3297.1349274019994,4603904
355.79,21.86,349.85,15.76,1399,0.01807745,0.2076823,2.160658,-0.00888197,0.13729195,0.9519279561936855,282,72192,3308.843536892,4620288
367.2,22.85,334.82,14.11,1406,0.01200989,0.14660645,2.1634457,-0.0061465,0.18522775,0.9217169061303139,283,72448,3320.4953459889985,4636672
368.89,22.17,327.11,13.1,1399,0.018151125,0.20959473,2.1495094,-0.00942436,0.21103068,0.9104579836130142,284,72704,3332.206421071998,4653056
385.76,23.29,330.39,14.2,1407,0.013021226,0.16237386,2.1562066,-0.004194969,0.18212168,0.9296506196260452,285,72960,3343.8515310559997,4669440
383.15,22.89,312.69,13.83,1401,0.011815892,0.14198811,2.1445696,-0.007460365,0.25364277,0.8998126313090324,286,73216,3355.5416875579976,4685824
384.47,22.82,332.02,14.93,1409,0.014935059,0.18855794,2.1587982,-0.007819382,0.13438953,0.9504741169512272,287,73472,3367.1625374350006,4702208
379.89,22.85,342.97,15.63,1398,0.017333258,0.19763184,2.146312,-0.011936295,0.121691994,0.9575787931680679,288,73728,3378.8807926929985,4718592
351.57,20.75,324.44,13.36,1406,0.017038679,0.19822185,2.1392906,-0.009099832,0.1746608,0.9602725356817245,289,73984,3390.528445123,4734976
338.08,19.24,325.93,13.79,1392,0.015606567,0.18587239,2.1441934,-0.0066001303,0.21186249,0.9392480105161667,290,74240,3402.295256882,4751360
349.43,20.81,322.38,15.04,1411,0.014161271,0.17329915,2.1439762,-0.0071119145,0.1685463,0.9208686351776123,291,74496,3413.9043944769983,4767744
375.69,22.32,285.07,11.46,1392,0.01499366,0.18550618,2.160332,-0.009151295,0.3139737,0.8887356519699097,292,74752,3425.6742309779984,4784128
352.78,19.38,291.58,10.68,1406,0.014530017,0.16949463,2.1403358,-0.0076868553,0.26977384,0.8940791338682175,293,75008,3437.324438489999,4800512
356.41,19.55,298.54,11.25,1402,0.014011077,0.15266927,2.1665611,-0.004758432,0.3953583,0.8720530867576599,294,75264,3449.0098516569997,4816896
363.66,20.53,303.26,11.75,1410,0.01095494,0.13151042,2.1518514,-0.004315886,0.29557797,0.9045980498194695,295,75520,3460.626107060998,4833280
358.82,20.31,313.43,13.48,1394,0.013645016,0.1566569,2.1414444,-0.0051139346,0.28251103,0.8662008196115494,296,75776,3472.3786605780006,4849664
371.93,21.58,321.79,14.3,1406,0.016155843,0.19374593,2.1407728,-0.008852651,0.23450081,0.9263005554676056,297,76032,3484.028735538999,4866048
366.76,21.05,327.85,14.75,1398,0.015319864,0.18214925,2.1458418,-0.008127903,0.2785029,0.9139160364866257,298,76288,3495.7406489329987,4882432
356.2,20.18,304.02,13.17,1411,0.015561309,0.18162028,2.1407077,-0.0086093,0.24187227,0.928906537592411,299,76544,3507.346481007,4898816
347.98,20.62,300.95,12.3,1397,0.0170022,0.19517009,2.1441617,-0.010226559,0.24730456,0.9237005412578583,300,76800,3519.067608335001,4915200
342.69,20.87,309.26,13.13,1412,0.014069646,0.16518147,2.1534755,-0.008816452,0.2191797,0.9047568812966347,301,77056,3530.6672928240005,4931584
376.23,22.61,317.98,14.01,1396,0.014744453,0.18385823,2.1497955,-0.010605601,0.20226698,0.9201933220028877,302,77312,3542.4004121260004,4947968
387.42,22.46,303.7,12.06,1406,0.013994382,0.1764323,2.1663778,-0.009287438,0.2613853,0.9013652801513672,303,77568,3554.0526899979996,4964352
366.45,21.05,305.96,12.65,1393,0.016318722,0.1839803,2.1602967,-0.0099616395,0.21679391,0.9139122739434242,304,77824,3565.808833166,4980736
376.27,22.58,298.48,13.3,1404,0.015400787,0.1889445,2.16362,-0.0100544365,0.18422855,0.9133511781692505,305,78080,3577.476085948998,4997120
379.86,24.11,286.19,11.11,1397,0.014417018,0.17852783,2.165066,-0.009551869,0.1889051,0.9354788288474083,306,78336,3589.2010750339978,5013504
363.98,21.86,314.51,12.75,1410,0.01611747,0.19637044,2.1782641,-0.011442698,0.14982931,0.9531672224402428,307,78592,3600.819870178999,5029888
343.78,19.62,320.96,13.5,1390,0.012882884,0.15083821,2.1818573,-0.006581525,0.37439668,0.863753154873848,308,78848,3612.600182435999,5046272
334.57,18.51,325.04,14.61,1408,0.01267593,0.152771,2.2112625,-0.009629275,0.33763328,0.8787354975938797,309,79104,3624.2364777410003,5062656
348.33,19.36,313.7,13.47,1393,0.014961039,0.1673177,2.193186,-0.008562721,0.35061216,0.8892936334013939,310,79360,3635.993046034,5079040
348.59,19.32,299.34,12.01,1410,0.011256106,0.13549805,2.2186792,-0.008974318,0.2520302,0.9379539005458355,311,79616,3647.6118484129984,5095424
344.83,19.36,293.7,11.19,1399,0.011509612,0.13759358,2.2093546,-0.010832625,0.21499324,0.939249075949192,312,79872,3659.315874123,5111808
337.69,19.49,309.19,12.55,1414,0.014801917,0.16330974,2.2106612,-0.009487546,0.36895958,0.906158484518528,313,80128,3670.901434323001,5128192
318.98,17.34,310.4,12.65,1398,0.012965183,0.1636556,2.2129273,-0.009374439,0.39118758,0.8968525007367134,314,80384,3682.6169748110005,5144576
344.73,18.95,311.32,13.58,1404,0.013896094,0.15207927,2.1873846,-0.008975311,0.2151404,0.8530191481113434,315,80640,3694.281274473,5160960
358.48,20.95,321.46,14.06,1397,0.011031229,0.13950603,2.190418,-0.0071674674,0.23497184,0.9064000025391579,316,80896,3706.0043769500007,5177344
364.04,22.79,325.55,14.43,1405,0.012992767,0.1576945,2.1884835,-0.008703166,0.19767617,0.9258840829133987,317,81152,3717.6650172980007,5193728
349.99,21.48,322.64,14.03,1395,0.013393768,0.15427653,2.1890848,-0.008731099,0.20265417,0.9366738498210907,318,81408,3729.410088204,5210112
344.67,20.37,350.29,15.19,1407,0.013861358,0.1685791,2.174692,-0.010623577,0.18975835,0.933329351246357,319,81664,3741.0490949779996,5226496
356.06,20.2,356.63,15.47,1398,0.014514647,0.16811116,2.2122393,-0.008920527,0.28840092,0.9232077524065971,320,81920,3752.7676935189993,5242880
360.04,20.25,331.76,15.19,1408,0.013297488,0.16125488,2.1979017,-0.01029817,0.16546342,0.9326031357049942,321,82176,3764.3974184,5259264
377.89,22.79,338.57,16.32,1400,0.01931276,0.2108968,2.1827948,-0.009715976,0.15123062,0.9280249550938606,322,82432,3776.0931042759985,5275648
388.32,24.1,347.85,16.6,1413,0.012418464,0.15462239,2.184102,-0.00744416,0.19347079,0.9349831119179726,323,82688,3787.6846214049983,5292032
370.61,21.9,336.91,15.38,1398,0.015787989,0.18233235,2.194869,-0.009470785,0.2996104,0.9087212458252907,324,82944,3799.4047181290007,5308416
359.42,20.52,343.45,15.63,1411,0.011602736,0.14463298,2.1871033,-0.006671138,0.18755655,0.936627708375454,325,83200,3811.0119789220007,5324800
363.48,21.03,334.78,15.11,1396,0.01086229,0.13382976,2.2107265,-0.0068891793,0.17413183,0.9173315688967705,326,83456,3822.746866769001,5341184
378.94,23.56,320.88,14.37,1416,0.01305595,0.16878255,2.1856873,-0.006461293,0.18422784,0.9414702728390694,327,83712,3834.316670584998,5357568
377.61,22.45,316.31,13.54,1400,0.01136764,0.13482666,2.1851778,-0.006339654,0.1771013,0.9226754754781723,328,83968,3846.0128483539993,5373952
371.84,21.96,318.41,13.78,1412,0.013558246,0.15551758,2.17941,-0.008416772,0.16473676,0.9231307432055473,329,84224,3857.612383489999,5390336
371.43,22.91,335.06,15.69,1400,0.015273851,0.18815105,2.205337,-0.007147163,0.2561292,0.8932056650519371,330,84480,3869.311926418999,5406720
365.27,22.22,319.76,14.52,1406,0.012684437,0.15102132,2.1821802,-0.00816766,0.24986316,0.8913259506225586,331,84736,3880.9651014150004,5423104
369.49,22.14,326.76,14.85,1395,0.01719332,0.18784587,2.1655266,-0.0076459926,0.15916203,0.9517564103007317,332,84992,3892.709765183001,5439488
379.09,23.52,350.38,16.4,1406,0.013193275,0.16316731,2.1960716,-0.008499985,0.09161601,0.9510162957012653,333,85248,3904.3567304919998,5455872
358.73,21.7,306.36,13.5,1395,0.013743225,0.15818278,2.2201166,-0.00807042,0.29832897,0.8940748199820518,334,85504,3916.09813536,5472256
355.88,20.26,295.2,11.74,1409,0.012444433,0.14817302,2.200867,-0.0054547507,0.2491744,0.9341287985444069,335,85760,3927.722843151998,5488640
336.4,19.27,327.79,13.99,1401,0.01395717,0.15952556,2.1979163,-0.008682597,0.2863367,0.9088306128978729,336,86016,3939.4156244240003,5505024
331.23,18.83,324.2,15.81,1407,0.013238342,0.15675862,2.1955822,-0.006685276,0.31380394,0.8960696682333946,337,86272,3951.0548193190007,5521408
359.23,20.91,309.52,13.93,1391,0.012174065,0.1519572,2.2246044,-0.0036802553,0.1841972,0.9337526112794876,338,86528,3962.8282681710007,5537792
361.99,20.95,324.14,14.08,1412,0.014138796,0.15608723,2.2204497,-0.0075490666,0.1353607,0.950435359030962,339,86784,3974.430785004999,5554176
346.15,20.81,316.62,14.64,1394,0.011255507,0.14331055,2.2057683,-0.008406422,0.2916711,0.8942591473460197,340,87040,3986.183210256,5570560
353.66,20.88,316.42,14.29,1408,0.013068466,0.16217041,2.1944635,-0.007494712,0.1735913,0.9368572384119034,341,87296,3997.8143273469977,5586944
361.4,21.04,326.52,14.38,1392,0.015765838,0.17580159,2.2176197,-0.009806328,0.2597851,0.9119724258780479,342,87552,4009.5782532539997,5603328
377.62,22.68,316.19,13.45,1412,0.016436066,0.19519043,2.2039576,-0.010217145,0.1566449,0.9365652874112129,343,87808,4021.182144975999,5619712
373.89,21.77,301.12,11.47,1398,0.010560504,0.1194458,2.2228296,-0.007582421,0.20729376,0.9400823898613453,344,88064,4032.901683442,5636096
368.17,21.02,287.29,11.08,1403,0.010011002,0.118367516,2.2288582,-0.004551652,0.25061497,0.9086160808801651,345,88320,4044.5729734720007,5652480
366.77,20.64,294.73,11.4,1384,0.010188631,0.12200928,2.1958122,-0.005106089,0.22289126,0.9017554074525833,346,88576,4056.4102975210008,5668864
384.77,23.13,317.37,14.17,1410,0.013401929,0.16347249,2.189367,-0.009188375,0.15896489,0.9235461801290512,347,88832,4068.0293527159993,5685248
386.46,24.25,334.27,14.74,1399,0.019545013,0.18471272,2.1642845,-0.008371647,0.14985184,0.9393145330250263,348,89088,4079.7361765919995,5701632
374.14,22.78,324.79,13.78,1411,0.015672494,0.19010417,2.2007904,-0.006154107,0.27299738,0.8862617909908295,349,89344,4091.344780413998,5718016
357.46,21.53,319.4,13.0,1395,0.013243084,0.15098064,2.1967556,-0.006546252,0.13204293,0.9483813233673573,350,89600,4103.084820856999,5734400
375.21,21.87,317.1,13.22,1408,0.014819349,0.14463298,2.2096593,-0.0067080446,0.21557909,0.887804239988327,351,89856,4114.717511298,5750784
387.23,23.31,333.06,14.69,1397,0.010343507,0.12801106,2.2144363,-0.006484527,0.16702707,0.9448046833276749,352,90112,4126.444553082998,5767168
371.9,22.19,327.0,13.7,1403,0.010412942,0.115478516,2.2080324,-0.0057215975,0.31067777,0.8744578659534454,353,90368,4138.122538708001,5783552
355.29,20.57,329.06,13.98,1398,0.00948772,0.109802246,2.1977046,-0.005282858,0.25450668,0.9208399504423141,354,90624,4149.835580544001,5799936
370.18,22.48,309.25,13.15,1411,0.010239937,0.11558024,2.227999,-0.0071500703,0.12653603,0.9408329650759697,355,90880,4161.446911365998,5816320
379.11,22.97,317.61,14.57,1401,0.01373388,0.16040039,2.224811,-0.010494753,0.1658267,0.9148389548063278,356,91136,4173.136950373999,5832704
384.35,23.34,341.69,16.04,1410,0.014472094,0.17985027,2.2276306,-0.00998814,0.112391986,0.9516842216253281,357,91392,4184.752151721001,5849088
383.57,23.05,334.45,14.23,1398,0.012182566,0.14945476,2.2286446,-0.011038113,0.24874735,0.892696924507618,358,91648,4196.469385949,5865472
379.59,21.89,318.0,12.66,1405,0.011738278,0.13572185,2.242306,-0.0087198205,0.24233396,0.8778592348098755,359,91904,4208.125943340001,5881856
366.5,21.06,296.03,12.46,1399,0.012467866,0.14070638,2.2069488,-0.008971749,0.30576158,0.9056848511099815,360,92160,4219.835755982,5898240
367.94,21.84,310.19,12.72,1414,0.011810456,0.14707439,2.22733,-0.010985129,0.07354802,0.9644997231662273,361,92416,4231.421099865998,5914624
374.6,23.57,321.6,14.02,1399,0.012529508,0.14878337,2.218769,-0.00910618,0.13182916,0.8980769515037537,362,92672,4243.127295512,5931008
382.64,24.27,302.32,12.88,1405,0.014558208,0.16711426,2.17486,-0.0066734958,0.23256154,0.9085485488176346,363,92928,4254.782401468001,5947392
339.66,21.05,290.37,11.07,1397,0.0122053325,0.1373698,2.2008111,-0.008269232,0.4103278,0.8546859622001648,364,93184,4266.510880465001,5963776
329.06,20.0,298.27,12.7,1407,0.009546715,0.11216227,2.200519,-0.005663469,0.22977464,0.9163911864161491,365,93440,4278.155216534,5980160
346.09,21.5,295.19,12.29,1394,0.011069871,0.12487793,2.1877077,-0.0065288465,0.3087396,0.8530561029911041,366,93696,4289.905107202998,5996544
357.32,22.04,314.73,14.23,1414,0.0111427875,0.13165283,2.1869175,-0.007565925,0.19608675,0.8536908775568008,367,93952,4301.490162449998,6012928
369.79,23.06,320.36,14.32,1395,0.012880203,0.15022786,2.178757,-0.008025778,0.20075572,0.9226430431008339,368,94208,4313.2294370909985,6029312
366.33,22.14,309.11,13.38,1413,0.01451278,0.16646321,2.1977923,-0.009562945,0.27161413,0.9093685373663902,369,94464,4324.817277892998,6045696
359.03,20.69,315.48,13.97,1399,0.012037364,0.14567058,2.1806414,-0.00983015,0.121542566,0.9536028206348419,370,94720,4336.523363087999,6062080
372.97,22.96,311.46,13.28,1409,0.016101373,0.17633057,2.1715727,-0.0080365045,0.15761842,0.9368899017572403,371,94976,4348.150745037998,6078464
369.16,22.98,316.33,13.26,1387,0.019918,0.20444743,2.1625702,-0.009182227,0.18517452,0.9254527240991592,372,95232,4359.961346682998,6094848
367.14,23.07,326.5,14.91,1409,0.014085756,0.17439778,2.1857717,-0.007523641,0.116155505,0.9555195868015289,373,95488,4371.582270358998,6111232
374.37,22.88,342.15,16.44,1397,0.01368773,0.16630046,2.174795,-0.0067830724,0.19691022,0.9083897545933723,374,95744,4383.305501873001,6127616
374.46,23.1,321.1,13.93,1417,0.014175915,0.16851807,2.1773775,-0.0039271144,0.117150426,0.959270428866148,375,96000,4394.863534765998,6144000
366.66,22.61,313.26,14.34,1399,0.015386975,0.18428548,2.179327,-0.010746811,0.103048645,0.9584444090723991,376,96256,4406.568056740998,6160384
368.62,23.13,319.66,14.49,1415,0.012337879,0.14402263,2.2100565,-0.007638601,0.11580298,0.9347527176141739,377,96512,4418.147207138998,6176768
350.9,21.93,311.61,13.92,1400,0.0156188505,0.1733195,2.2171345,-0.009809618,0.18124099,0.9279754385352135,378,96768,4429.8450210539995,6193152
341.91,20.83,281.15,11.94,1410,0.015295379,0.17437744,2.191888,-0.009212862,0.21603775,0.9070546329021454,379,97024,4441.458812786001,6209536
344.0,20.87,295.46,13.39,1399,0.01622729,0.19364421,2.177294,-0.009320728,0.32084718,0.8770582526922226,380,97280,4453.164086658999,6225920
345.2,20.32,310.67,14.11,1417,0.011532996,0.13964844,2.206371,-0.011168783,0.26447466,0.8967568427324295,381,97536,4464.725252382999,6242304
356.01,20.83,297.49,13.23,1396,0.013060766,0.1562907,2.1969287,-0.00888317,0.289128,0.8813866749405861,382,97792,4476.460510752,6258688
363.93,22.12,288.72,13.28,1415,0.012013327,0.13657634,2.2004538,-0.009989583,0.14869234,0.9239398837089539,383,98048,4488.037971253998,6275072
368.52,22.58,283.57,10.48,1397,0.014011957,0.16994222,2.1626818,-0.008346868,0.16222186,0.9345741644501686,384,98304,4499.759545724999,6291456
367.37,22.56,303.6,12.64,1413,0.014031827,0.16463216,2.1851048,-0.0072767437,0.23141968,0.8996554017066956,385,98560,4511.348825252,6307840
350.35,20.96,307.65,14.49,1389,0.015091791,0.16691081,2.1845613,-0.008566132,0.28007805,0.8961203023791313,386,98816,4523.140460237999,6324224
359.25,21.2,294.04,12.07,1416,0.014056172,0.16947429,2.1860356,-0.008956649,0.17058015,0.902613639831543,387,99072,4534.705542306001,6340608
373.69,22.94,319.65,15.05,1398,0.014355075,0.17974854,2.1815634,-0.009359691,0.10319349,0.9444826059043407,388,99328,4546.421965735,6356992
382.53,24.71,332.29,16.87,1416,0.015010942,0.1716512,2.1946995,-0.008825129,0.12819017,0.9451346062123775,389,99584,4557.988694516,6373376
373.42,23.21,325.53,14.95,1403,0.014891368,0.1681722,2.187801,-0.008740293,0.16173549,0.9417549632489681,390,99840,4569.661954594001,6389760
372.59,22.71,337.28,14.76,1411,0.010957286,0.127299,2.194194,-0.0066873548,0.24338293,0.8918133825063705,391,100096,4581.272493591001,6406144
367.65,23.12,341.08,14.51,1397,0.013732988,0.1576945,2.189532,-0.008529158,0.11548775,0.9407206363976002,392,100352,4592.996524823,6422528
377.88,23.57,343.1,14.67,1407,0.014967962,0.1765747,2.1849468,-0.012348473,0.19827157,0.9069426581263542,393,100608,4604.637637642998,6438912
381.33,22.39,339.67,15.36,1395,0.0140669355,0.15264893,2.195321,-0.00867898,0.24776472,0.893365815281868,394,100864,4616.379900830998,6455296
379.45,22.85,331.56,14.83,1410,0.0126005085,0.15224202,2.1894014,-0.0111127235,0.084723085,0.962292306125164,395,101120,4628.000172926,6471680
367.51,22.09,329.49,14.37,1401,0.014703839,0.1714681,2.1653316,-0.009747404,0.17813589,0.9444746188819408,396,101376,4639.693061675,6488064
342.13,19.91,322.42,13.17,1412,0.013678451,0.1693929,2.1538665,-0.011647556,0.20868205,0.9333595260977745,397,101632,4651.293680515999,6504448
349.69,21.27,314.19,12.71,1397,0.0144402655,0.17403157,2.16235,-0.011820048,0.13821803,0.9452582523226738,398,101888,4663.019349718001,6520832
372.41,23.06,322.89,13.11,1409,0.014749733,0.16503906,2.1511161,-0.009454981,0.24323873,0.8806997463107109,399,102144,4674.645595153001,6537216
397.35,24.28,340.44,14.61,1398,0.011776769,0.14672852,2.164255,-0.009627885,0.1891358,0.9036438688635826,400,102400,4686.358671157999,6553600
395.79,24.23,327.06,14.24,1412,0.014707368,0.1752116,2.1671128,-0.01279132,0.14467543,0.9372057467699051,401,102656,4697.958709084,6569984
381.35,22.83,323.91,14.28,1399,0.014977868,0.18597412,2.1497076,-0.008548737,0.17710869,0.9227752462029457,402,102912,4709.662356532001,6586368
372.65,21.89,320.25,13.96,1409,0.01305452,0.15622966,2.1592658,-0.008985708,0.327902,0.8239748626947403,403,103168,4721.286242598999,6602752
371.34,21.83,326.96,14.25,1400,0.012547142,0.15163167,2.1730359,-0.008845567,0.16465452,0.9298672303557396,404,103424,4732.983710746001,6619136
373.72,21.55,339.54,15.32,1409,0.013434578,0.15085857,2.1615303,-0.009665029,0.22548248,0.9180928617715836,405,103680,4744.611835369,6635520
371.32,22.36,332.97,15.83,1398,0.015633937,0.17907715,2.1486428,-0.010286155,0.13768086,0.9189792200922966,406,103936,4756.3299971259985,6651904
371.95,22.14,330.17,15.15,1409,0.012466106,0.14644368,2.1508038,-0.0046727783,0.2778356,0.8849780708551407,407,104192,4767.950848255998,6668288
370.47,21.52,329.36,13.82,1403,0.01337674,0.13462321,2.1254456,-0.008338936,0.34844568,0.8266235440969467,408,104448,4779.625885385998,6684672
371.24,21.81,334.13,14.01,1412,0.011884953,0.13682048,2.137669,-0.003526591,0.28938487,0.8711648881435394,409,104704,4791.229641104001,6701056
380.71,22.98,327.42,14.52,1398,0.013633815,0.15930176,2.14027,-0.009127527,0.24468525,0.8691003322601318,410,104960,4802.946025923,6717440
389.48,23.98,316.09,14.09,1410,0.013808336,0.16288249,2.1435235,-0.011147425,0.12684934,0.934822179377079,411,105216,4814.565014009,6733824
395.21,24.7,306.68,13.3,1399,0.013959482,0.1683553,2.185057,-0.009838459,0.14409433,0.9308529645204544,412,105472,4826.2721781420005,6750208
395.69,23.86,313.25,13.64,1409,0.0146867335,0.1726888,2.1394217,-0.007287704,0.21383746,0.8922592177987099,413,105728,4837.899834811,6766592
397.44,24.16,329.05,14.01,1401,0.014985446,0.16512044,2.1546896,-0.011230656,0.12404591,0.9249070584774017,414,105984,4849.587426425998,6782976
396.88,25.23,313.38,13.08,1411,0.011214618,0.12709554,2.170195,-0.006336305,0.19993675,0.8902720138430595,415,106240,4861.199453273999,6799360
391.43,24.4,317.19,13.39,1399,0.013845378,0.15684001,2.166495,-0.008076192,0.13227688,0.9092408865690231,416,106496,4872.905442501,6815744
394.95,24.24,329.71,14.53,1410,0.016437704,0.17848714,2.1591454,-0.008639262,0.19232535,0.8921663835644722,417,106752,4884.524398625999,6832128
392.14,25.21,338.93,15.0,1401,0.014152553,0.16707356,2.1397724,-0.008898921,0.17553042,0.8837608397006989,418,107008,4896.217702548998,6848512
390.28,24.59,337.85,15.72,1416,0.01478827,0.16611736,2.1638916,-0.008271009,0.15815656,0.9179531410336494,419,107264,4907.7872738080005,6864896
385.28,23.96,331.09,15.36,1396,0.01273601,0.14493816,2.1695554,-0.010528463,0.3209519,0.763481616973877,420,107520,4919.519157028,6881280
380.78,23.23,317.9,15.02,1409,0.014338538,0.16701253,2.1920722,-0.012286776,0.17674883,0.8874363899230957,421,107776,4931.145758151,6897664
370.56,22.0,303.43,13.86,1397,0.012970903,0.15315755,2.1849709,-0.008137121,0.30969918,0.8203423172235489,422,108032,4942.8729945939995,6914048
378.62,22.09,312.07,14.15,1413,0.015444241,0.16369629,2.1826959,-0.010254461,0.15955952,0.9051386266946793,423,108288,4954.468460919001,6930432
384.36,22.0,308.81,13.4,1398,0.0139211975,0.14516194,2.1803324,-0.008467467,0.26452914,0.8606614172458649,424,108544,4966.183944979999,6946816
389.86,23.15,308.24,13.09,1410,0.015720366,0.1673177,2.1538923,-0.009506657,0.17209317,0.9091636836528778,425,108800,4977.800535268998,6963200
388.62,23.55,305.58,13.33,1399,0.013947074,0.15511067,2.1619923,-0.008219656,0.21508907,0.8806885033845901,426,109056,4989.507225683999,6979584
377.12,23.28,313.2,14.43,1413,0.012135231,0.146993,2.1644607,-0.010005158,0.25426796,0.8613118380308151,427,109312,5001.097934196998,6995968
384.36,23.83,329.42,15.87,1393,0.012562224,0.13893636,2.1762354,-0.010396927,0.2044254,0.8739830553531647,428,109568,5012.857338226,7012352
370.38,23.04,327.57,15.01,1414,0.01376599,0.14914958,2.1747105,-0.0038945181,0.22055607,0.8763507083058357,429,109824,5024.443157818998,7028736
375.33,24.44,329.78,15.46,1405,0.011659467,0.13515218,2.1651773,-0.006975528,0.16999765,0.9205891788005829,430,110080,5036.103487181001,7045120
390.68,25.1,327.2,15.05,1415,0.012476041,0.14538574,2.174566,-0.008120215,0.16501044,0.9336179792881012,431,110336,5047.681127044001,7061504
387.94,24.69,334.37,15.58,1403,0.015457901,0.17685954,2.174012,-0.009616286,0.15263142,0.9044299572706223,432,110592,5059.355215560998,7077888
393.55,24.94,329.76,14.75,1416,0.011976077,0.13675945,2.1741989,-0.007467266,0.23769587,0.844290629029274,433,110848,5070.921341622998,7094272
385.89,23.69,323.33,13.78,1399,0.012131727,0.13535564,2.1879995,-0.009450199,0.24735145,0.8888885378837585,434,111104,5082.632213551999,7110656
394.88,24.36,340.23,16.49,1407,0.012175273,0.14554851,2.1975796,-0.008902087,0.13483144,0.9057803973555565,435,111360,5094.277140678998,7127040
400.5,25.32,351.77,17.81,1386,0.010209781,0.1245931,2.2034543,-0.004364122,0.20067805,0.8785974159836769,436,111616,5106.093715340001,7143424
400.23,25.31,347.93,16.32,1417,0.012805679,0.15136719,2.208445,-0.0076699816,0.19117837,0.878511905670166,437,111872,5117.6544149209985,7159808
399.44,25.38,336.41,15.56,1404,0.014117502,0.16611736,2.1868346,-0.008914779,0.09657813,0.936237059533596,438,112128,5129.316405491001,7176192
393.68,25.61,331.41,16.16,1414,0.016992867,0.17763264,2.1730208,-0.01079302,0.19436087,0.8929896652698517,439,112384,5140.899127268,7192576
382.86,23.99,327.39,15.69,1392,0.012954778,0.15401204,2.180605,-0.006867646,0.23970379,0.8442661464214325,440,112640,5152.661406701998,7208960
384.3,23.73,318.8,14.79,1410,0.013032074,0.15258789,2.1765478,-0.0068807197,0.20323594,0.9056459218263626,441,112896,5164.278430604001,7225344
373.6,23.16,330.99,15.13,1392,0.014025944,0.15856934,2.173872,-0.010412331,0.19945568,0.902547113597393,442,113152,5176.043735723,7241728
392.94,24.72,338.64,15.36,1413,0.012074347,0.1432902,2.1641514,-0.00973548,0.15810837,0.9043995290994644,443,113408,5187.632261642,7258112
388.19,24.14,343.89,15.48,1396,0.013869035,0.14603679,2.1564538,-0.007532351,0.21610337,0.8963274136185646,444,113664,5199.362495736001,7274496
384.91,23.91,340.28,15.89,1412,0.010906233,0.1274414,2.1547117,-0.0058724377,0.21777643,0.8971011117100716,445,113920,5210.961267957999,7290880
392.16,23.89,336.08,16.39,1401,0.011269416,0.13146973,2.1555483,-0.005924333,0.16675049,0.9344119429588318,446,114176,5222.655328272998,7307264
388.15,23.11,317.87,15.17,1410,0.011312686,0.12298584,2.154515,-0.008727763,0.27586207,0.8744131624698639,447,114432,5234.272869336,7323648
402.83,25.23,315.39,14.51,1398,0.012123405,0.14986165,2.1560624,-0.0089172125,0.09354633,0.9357940256595612,448,114688,5245.989886561001,7340032
396.61,25.0,304.58,12.7,1407,0.0144895585,0.17622884,2.1481574,-0.0075086597,0.28504816,0.8735026121139526,449,114944,5257.627328176,7356416
399.48,24.95,301.61,12.26,1399,0.010682303,0.12585449,2.170086,-0.009060127,0.107039906,0.9063016623258591,450,115200,5269.335941656998,7372800
402.44,25.3,321.55,13.24,1411,0.012867548,0.15425618,2.1433327,-0.005364723,0.27670988,0.8324583917856216,451,115456,5280.945786839999,7389184
388.9,25.08,338.65,14.2,1394,0.0147559,0.16536458,2.1483107,-0.008247044,0.2727674,0.8647663742303848,452,115712,5292.692000512001,7405568
382.66,24.51,323.78,14.42,1410,0.0146952495,0.16894531,2.1421766,-0.008848998,0.1403801,0.9316826686263084,453,115968,5304.309780624,7421952
397.16,26.06,334.66,16.62,1398,0.017237969,0.18538411,2.133382,-0.006327331,0.14615712,0.8847706317901611,454,116224,5316.023618416999,7438336
406.05,26.82,339.53,17.26,1412,0.012883901,0.15419514,2.1443508,-0.007114306,0.18865168,0.8780192136764526,455,116480,5327.621194718999,7454720
410.1,26.26,315.77,15.5,1397,0.014203959,0.17433675,2.1755755,-0.0077115744,0.14457725,0.8757025450468063,456,116736,5339.342619937001,7471104
411.56,26.58,321.65,15.03,1413,0.014560622,0.17073567,2.1513617,-0.0108477315,0.10944435,0.9130439609289169,457,116992,5350.931600104999,7487488
410.21,26.58,319.31,14.0,1393,0.01481318,0.17175293,2.1394022,-0.007423203,0.12272361,0.922848753631115,458,117248,5362.687477905998,7503872
400.82,26.15,315.69,14.11,1415,0.014519926,0.15275066,2.1362832,-0.007990567,0.21860825,0.8751779794692993,459,117504,5374.261081086999,7520256
397.97,25.19,321.08,14.78,1397,0.01255811,0.14786784,2.1692398,-0.007742368,0.20353533,0.8914670050144196,460,117760,5385.984986928001,7536640
384.51,24.18,318.6,14.54,1411,0.017435415,0.18371582,2.1355126,-0.007874875,0.2516921,0.858807697892189,461,118016,5397.591376723998,7553024
378.9,24.52,323.98,14.81,1392,0.012139235,0.14088948,2.1284182,-0.009733226,0.20224881,0.8783638179302216,462,118272,5409.361299892,7569408
385.98,25.98,333.85,16.12,1401,0.012868059,0.14607747,2.1355393,-0.009664755,0.12943724,0.9092935472726822,463,118528,5421.052354404001,7585792
401.94,26.73,360.81,16.54,1403,0.013842386,0.15478516,2.147638,-0.009479285,0.19614033,0.8841194957494736,464,118784,5432.727321570001,7602176
405.56,26.55,364.99,17.68,1412,0.013898191,0.16046143,2.1523907,-0.008480428,0.06275265,0.9612725414335728,465,119040,5444.328810471998,7618560
408.02,25.99,349.55,17.41,1399,0.012895682,0.14457195,2.1440399,-0.007956722,0.15801896,0.9120374694466591,466,119296,5456.038422578,7634944
407.38,26.56,335.86,16.92,1409,0.011541373,0.12672932,2.1473396,-0.004488085,0.15516226,0.9261562451720238,467,119552,5467.6659727199985,7651328
407.68,26.5,354.12,17.59,1398,0.010731902,0.11088053,2.1310973,-0.0035997408,0.12427821,0.9354085549712181,468,119808,5479.379207729999,7667712
390.61,25.83,358.84,16.38,1410,0.012425866,0.121785484,2.1125042,-0.0072164834,0.28361556,0.8924071788787842,469,120064,5490.996711156,7684096
392.99,26.53,349.39,16.55,1396,0.013532609,0.14868164,2.111112,-0.008026631,0.14380236,0.9244360029697418,470,120320,5502.733338695998,7700480
398.7,26.76,357.26,18.08,1411,0.012433264,0.13863118,2.1129527,-0.005054195,0.15064144,0.9350510463118553,471,120576,5514.341696980999,7716864
407.38,26.93,366.96,19.86,1401,0.010749348,0.11381022,2.13109,-0.0063556153,0.12098201,0.9400235079228878,472,120832,5526.0345806000005,7733248
400.26,26.47,357.73,18.05,1414,0.012588378,0.13637288,2.1430736,-0.009886385,0.1048438,0.944500271230936,473,121088,5537.617792737001,7749632
394.45,26.79,350.64,17.24,1396,0.016705405,0.17264812,2.136889,-0.006739979,0.20728226,0.8877695798873901,474,121344,5549.354432599001,7766016
387.41,25.82,354.41,18.04,1411,0.013585735,0.15443929,2.1088583,-0.008667604,0.15410887,0.9251918867230415,475,121600,5560.9602875519995,7782400
375.08,25.03,342.56,17.8,1394,0.01521872,0.16153972,2.111394,-0.009406106,0.24614866,0.8863281086087227,476,121856,5572.709952817,7798784
380.2,25.42,345.12,17.34,1409,0.01503574,0.16418457,2.1258237,-0.00663569,0.1750509,0.8930025473237038,477,122112,5584.332020850001,7815168
388.09,24.89,345.5,16.25,1400,0.0136462925,0.15781657,2.1420143,-0.009026717,0.13889222,0.9270826131105423,478,122368,5596.029917534001,7831552
400.83,26.9,356.27,17.25,1408,0.017299348,0.17384847,2.130036,-0.0035543982,0.18588686,0.8920291140675545,479,122624,5607.666654102999,7847936
393.66,25.89,340.64,16.22,1400,0.013582432,0.15641277,2.1476686,-0.0068248673,0.31165072,0.8095685690641403,480,122880,5619.3684046710005,7864320
376.56,23.95,320.96,14.49,1413,0.012968577,0.15570068,2.1245656,-0.008239764,0.32277396,0.8046630322933197,481,123136,5630.958810977998,7880704
370.81,22.44,316.9,14.75,1396,0.013150374,0.16271973,2.1164029,-0.00841125,0.33581898,0.8604253083467484,482,123392,5642.695542319001,7897088
376.09,23.33,324.94,16.26,1413,0.012701239,0.15256755,2.1327665,-0.012049769,0.09862954,0.9142275899648666,483,123648,5654.289208341001,7913472
389.19,25.25,334.27,15.82,1396,0.013401697,0.15944417,2.1593003,-0.008473431,0.28443378,0.8158271610736847,484,123904,5666.017977395,7929856
385.4,25.0,325.66,15.22,1407,0.011100136,0.12740071,2.1551776,-0.00782567,0.20367265,0.8865469843149185,485,124160,5677.656943144,7946240
383.38,24.04,319.62,15.63,1399,0.013501012,0.15374756,2.144458,-0.010496516,0.24167746,0.8780645057559013,486,124416,5689.367770167999,7962624
390.48,23.88,329.68,16.11,1411,0.012553426,0.14160156,2.1558518,-0.00823695,0.15646838,0.9133358001708984,487,124672,5700.978678118998,7979008
396.03,25.54,342.77,17.05,1393,0.010670662,0.12278239,2.1686556,-0.009581538,0.1465173,0.916482113301754,488,124928,5712.734115028998,7995392
401.18,25.81,343.66,17.2,1409,0.014335465,0.15246582,2.166595,-0.011185761,0.21606357,0.8907432183623314,489,125184,5724.356164311001,8011776
397.21,25.31,346.69,17.11,1398,0.013460028,0.15881348,2.151207,-0.007725432,0.21028043,0.8677426278591156,490,125440,5736.071376813001,8028160
392.23,25.16,341.05,17.59,1412,0.0129672615,0.14524333,2.1560876,-0.008485383,0.20373054,0.884750209748745,491,125696,5747.6748062219995,8044544
387.22,24.79,320.62,14.62,1398,0.01274424,0.14660645,2.1494486,-0.0070208623,0.24307394,0.8776845037937164,492,125952,5759.390327521,8060928
391.58,25.29,342.24,15.59,1412,0.010474208,0.11883545,2.165516,-0.010184815,0.08476352,0.9477664120495319,493,126208,5770.986745097998,8077312
386.3,24.75,365.77,18.83,1396,0.01211172,0.13702393,2.1426275,-0.008342655,0.17731218,0.9223917797207832,494,126464,5782.722243671,8093696
392.91,24.52,361.45,19.56,1417,0.012799899,0.14520264,2.1444604,-0.009098348,0.18025975,0.9060751050710678,495,126720,5794.282551742999,8110080
384.09,24.18,357.97,18.78,1402,0.012740314,0.14674886,2.1678526,-0.008518544,0.2135275,0.8621461987495422,496,126976,5805.963057050001,8126464
398.04,26.22,356.96,18.15,1412,0.011744567,0.13775635,2.1427739,-0.00822591,0.16603142,0.9034672975540161,497,127232,5817.5655274169985,8142848
399.4,25.63,342.08,16.29,1397,0.013265181,0.15171306,2.1365554,-0.0068728365,0.2640768,0.84426349401474,498,127488,5829.293991154998,8159232
392.26,24.6,332.92,15.79,1415,0.009324901,0.104024254,2.168238,-0.005100954,0.23108572,0.8679158985614777,499,127744,5840.8702618669995,8175616
391.05,25.11,311.97,14.47,1403,0.009986722,0.11444092,2.1675355,-0.007931045,0.18235116,0.8769373968243599,500,128000,5852.544327398999,8192000
380.04,23.75,305.7,13.05,1413,0.01190276,0.137146,2.1509886,-0.0069712433,0.33533502,0.8605216145515442,501,128256,5864.132181787001,8208384
384.62,23.65,320.42,14.38,1398,0.014854225,0.16809082,2.146874,-0.0066930414,0.18248965,0.9118429198861122,502,128512,5875.846853264,8224768
377.2,24.25,334.12,16.23,1408,0.011701888,0.12986247,2.1566536,-0.0073280353,0.2508303,0.8763451650738716,503,128768,5887.480747687001,8241152
368.65,24.18,321.97,15.32,1395,0.009665775,0.11494955,2.166818,-0.0048007783,0.21188736,0.9181238636374474,504,129024,5899.225525252001,8257536
379.52,23.72,308.88,14.38,1410,0.0099047525,0.10835775,2.1437092,-0.0037560426,0.18214619,0.9366584047675133,505,129280,5910.841528864999,8273920
385.09,23.58,324.28,15.19,1399,0.0103476,0.112976074,2.168534,-0.0074774665,0.20033516,0.9110162556171417,506,129536,5922.549043572999,8290304
382.82,23.78,352.72,17.54,1408,0.01215335,0.13378906,2.1563575,-0.0061202184,0.19630472,0.9235725477337837,507,129792,5934.183554797,8306688
381.54,24.27,352.03,17.42,1398,0.009406319,0.10941569,2.1833332,-0.004584907,0.1338477,0.937863901257515,508,130048,5945.902921738001,8323072
386.45,24.55,349.25,16.43,1410,0.012229989,0.15142822,2.152021,-0.0071436744,0.14591758,0.9195985570549965,509,130304,5957.516609318998,8339456
388.04,25.31,341.87,15.92,1402,0.01396335,0.16719563,2.1732895,-0.009853582,0.28364325,0.8394962102174759,510,130560,5969.199386976998,8355840
397.04,25.34,320.89,14.91,1407,0.0129274605,0.14583333,2.1574776,-0.0073758946,0.22124971,0.8653653860092163,511,130816,5980.840518786001,8372224
392.55,25.32,331.55,15.76,1398,0.012447994,0.1438802,2.1460865,-0.00978071,0.19324875,0.8937144950032234,512,131072,5992.552513931998,8388608
403.1,26.92,339.55,16.01,1410,0.012742113,0.16135661,2.1554577,-0.009085155,0.09862587,0.9270363077521324,513,131328,6004.169072542998,8404992
407.75,27.2,324.3,14.79,1397,0.013482799,0.14878337,2.147885,-0.010235244,0.13879399,0.9036231264472008,514,131584,6015.891260574001,8421376
401.28,26.74,332.21,16.37,1414,0.009523239,0.10888672,2.1711547,-0.0061559193,0.21862142,0.8901191800832748,515,131840,6027.47812507,8437760
393.77,26.3,340.16,17.27,1401,0.009271241,0.10508219,2.1477134,-0.0059302654,0.1984635,0.9045950472354889,516,132096,6039.1697058909995,8454144
394.52,25.09,326.33,15.47,1412,0.008683521,0.10241699,2.1557727,-0.0047795936,0.27241856,0.8735400289297104,517,132352,6050.768889723,8470528
391.03,24.67,336.49,16.35,1395,0.010519537,0.12312826,2.1538901,-0.007002452,0.14843164,0.9088573008775711,518,132608,6062.508543174998,8486912
381.4,24.51,337.71,16.7,1407,0.0117308935,0.14133708,2.1611197,-0.00503182,0.25291073,0.8402522951364517,519,132864,6074.153533564,8503296
386.22,25.2,324.52,16.15,1396,0.010899757,0.13275146,2.1410964,-0.005966183,0.19782473,0.874441534280777,520,133120,6085.886228030999,8519680
386.7,25.58,320.37,15.48,1410,0.009454958,0.10046387,2.1561084,-0.008517829,0.19284509,0.8632615357637405,521,133376,6097.504836474,8536064
394.59,26.79,324.88,14.93,1401,0.009956375,0.108540855,2.1524901,-0.0069637108,0.15368135,0.9093490093946457,522,133632,6109.196953182,8552448
401.61,26.46,325.21,15.65,1416,0.009123874,0.10172526,2.156259,-0.007156923,0.16023706,0.9093210101127625,523,133888,6120.7658450769995,8568832
400.22,26.35,332.53,15.86,1396,0.011291258,0.12121582,2.158819,-0.009419196,0.1150527,0.9253241792321205,524,134144,6132.495005113,8585216
402.03,26.94,346.22,16.79,1405,0.011242858,0.13289388,2.1637676,-0.01026212,0.10792967,0.9327315539121628,525,134400,6144.153347462998,8601600
404.88,26.12,326.62,15.8,1400,0.015311013,0.1720988,2.1414537,-0.0068243393,0.1919442,0.8818907514214516,526,134656,6155.855097582,8617984
401.8,26.47,338.54,16.21,1412,0.013880428,0.15734863,2.1610787,-0.008676452,0.11880135,0.919191800057888,527,134912,6167.455935394999,8634368
392.65,26.43,345.34,16.46,1401,0.011337812,0.12520345,2.169442,-0.0063979845,0.18112065,0.8617532402276993,528,135168,6179.144919822,8650752
400.48,28.05,342.85,16.59,1414,0.010784381,0.11769613,2.16737,-0.0071051843,0.078864776,0.957075048238039,529,135424,6190.729758141999,8667136
402.35,27.29,340.53,17.12,1397,0.009990786,0.11206055,2.13042,-0.0060841464,0.1732772,0.9102627485990524,530,135680,6202.453261071001,8683520
394.82,26.22,345.12,17.25,1411,0.008865169,0.092305504,2.1333203,-0.005735896,0.228164,0.8900696039199829,531,135936,6214.059935113,8699904
394.56,25.96,352.86,18.51,1387,0.011565306,0.12731934,2.135017,-0.0053963196,0.16268142,0.9256100133061409,532,136192,6225.865286946999,8716288
406.36,27.28,336.18,17.31,1408,0.011499864,0.13024902,2.1209552,-0.0090922145,0.0591121,0.968391414731741,533,136448,6237.494679529998,8732672
393.39,26.37,335.99,16.65,1400,0.012069893,0.13024902,2.1295965,-0.007809875,0.2250471,0.8996624872088432,534,136704,6249.191973109999,8749056
393.92,26.61,348.08,17.43,1409,0.012792072,0.14628093,2.1584277,-0.0073835836,0.14226459,0.9091276228427887,535,136960,6260.817252983998,8765440
409.07,27.21,341.72,17.55,1402,0.012699384,0.14257812,2.1548839,-0.008913889,0.13251014,0.9278017804026604,536,137216,6272.502126741998,8781824
414.88,27.55,337.33,16.36,1409,0.014307289,0.16310628,2.1495445,-0.006691068,0.098734386,0.935422345995903,537,137472,6284.129357465998,8798208
404.14,26.98,333.59,16.63,1399,0.013353668,0.13761394,2.1502922,-0.004148779,0.24944483,0.8816741481423378,538,137728,6295.834360614001,8814592
395.84,27.19,344.24,18.14,1413,0.01730273,0.18896484,2.1469097,-0.009494078,0.14916883,0.9124360680580139,539,137984,6307.426752528998,8830976
397.63,27.53,349.55,17.98,1396,0.017112218,0.18041992,2.1508558,-0.009290373,0.16337658,0.9066319838166237,540,138240,6319.159802762999,8847360
391.64,26.62,344.45,17.58,1409,0.01120628,0.12528484,2.1758506,-0.005041408,0.24555017,0.8849628493189812,541,138496,6330.7831357840005,8863744
390.5,26.5,328.28,15.56,1393,0.010571416,0.122151695,2.1607847,-0.005820935,0.17820948,0.8891200870275497,542,138752,6342.538783292999,8880128
393.22,26.44,332.55,16.38,1414,0.012683381,0.13144939,2.1706355,-0.007096328,0.123294115,0.9304626062512398,543,139008,6354.125076304001,8896512
401.63,26.49,328.21,15.99,1393,0.0136041595,0.1471761,2.1750805,-0.008489527,0.21228015,0.8553371280431747,544,139264,6365.885186263,8912896
399.61,26.62,315.25,14.26,1409,0.012526132,0.14737956,2.176438,-0.0039441106,0.16453156,0.893503837287426,545,139520,6377.508663331999,8929280
403.28,26.46,314.54,13.74,1398,0.010720628,0.11608887,2.1601622,-0.0057603144,0.113621056,0.9453399181365967,546,139776,6389.227420176998,8945664
397.75,25.51,328.92,15.89,1414,0.011762395,0.11537679,2.1685421,-0.0066471756,0.31596592,0.8522783517837524,547,140032,6400.812511434,8962048
387.36,25.18,331.3,15.29,1401,0.011551116,0.11997477,2.174993,-0.008296193,0.20678191,0.8992263674736023,548,140288,6412.49972625,8978432
389.8,25.27,327.72,14.46,1409,0.011900574,0.14241536,2.1540892,-0.0053891498,0.13000847,0.92959164083004,549,140544,6424.12562377,8994816
399.57,25.79,344.88,16.52,1395,0.010078632,0.104166664,2.140794,-0.006465291,0.2425707,0.8317562788724899,550,140800,6435.868676504,9011200
394.56,25.47,355.95,18.16,1404,0.011166428,0.12620036,2.1488125,-0.008055237,0.24345869,0.8618514537811279,551,141056,6447.532252953999,9027584
400.48,26.24,347.43,17.52,1394,0.011096454,0.11732992,2.130977,-0.0071726,0.20284843,0.8660072684288025,552,141312,6459.283376405001,9043968
401.91,25.44,340.5,17.5,1416,0.014997409,0.15753174,2.1468725,-0.006473494,0.20879996,0.8575355112552643,553,141568,6470.8470305539995,9060352
399.26,25.72,350.21,18.92,1401,0.01362669,0.13771565,2.1411269,-0.0020650893,0.1829797,0.8735448122024536,554,141824,6482.537065468998,9076736
404.73,27.07,355.46,18.91,1414,0.011329868,0.12331136,2.1312275,-0.0032740526,0.13782011,0.918620653450489,555,142080,6494.121750473998,9093120
403.5,27.59,343.1,16.37,1399,0.01100029,0.12628174,2.1412694,-0.0063197277,0.13045356,0.9022593572735786,556,142336,6505.830498880001,9109504
400.51,27.36,336.03,15.52,1411,0.011093774,0.12186686,2.1477349,-0.005492929,0.18379009,0.8963302969932556,557,142592,6517.437120540999,9125888
394.04,27.11,338.21,16.67,1396,0.008826417,0.09531657,2.1261394,-0.003515337,0.23185067,0.8478069305419922,558,142848,6529.169406328001,9142272
388.24,26.21,339.2,17.98,1407,0.009949886,0.10481771,2.1254337,-0.006911688,0.23197466,0.8781486302614212,559,143104,6540.813184723,9158656
402.88,27.12,349.49,18.35,1402,0.010622256,0.11291504,2.1298618,-0.0032729004,0.10223743,0.9462618306279182,560,143360,6552.493264337998,9175040
408.09,27.49,349.32,18.68,1410,0.011147884,0.12213135,2.126239,-0.0062548365,0.15582444,0.903843529522419,561,143616,6564.106092244998,9191424
407.01,28.39,354.83,19.48,1399,0.0153476745,0.16845703,2.129764,-0.008367308,0.09895563,0.9136953800916672,562,143872,6575.812085527999,9207808
402.85,27.94,356.83,18.97,1410,0.012721773,0.13214111,2.1306896,-0.007053889,0.20160724,0.8999941051006317,563,144128,6587.428404798,9224192
395.42,26.43,342.53,18.67,1400,0.014378774,0.14552815,2.1244123,-0.007923774,0.21272993,0.8834841549396515,564,144384,6599.126498587,9240576
401.58,26.64,345.1,18.33,1416,0.011791401,0.13791911,2.1351173,-0.00782392,0.0951398,0.9294047430157661,565,144640,6610.6897226559995,9256960
404.23,26.69,339.02,16.74,1399,0.014893189,0.17114258,2.1331232,-0.008761137,0.12286049,0.9366751983761787,566,144896,6622.395862044999,9273344
408.4,27.89,334.91,16.35,1411,0.013945104,0.15785725,2.1423464,-0.0050648903,0.089098155,0.9333536773920059,567,145152,6634.002350791001,9289728
395.86,26.36,347.54,17.09,1400,0.013417826,0.16123454,2.1677907,-0.005483475,0.30631867,0.7906756699085236,568,145408,6645.703911192999,9306112
391.07,25.56,336.23,17.65,1415,0.013408744,0.14308675,2.151267,-0.008647718,0.18779117,0.8665975481271744,569,145664,6657.279885499,9322496
398.07,25.98,320.05,16.42,1400,0.011431699,0.12866211,2.153024,-0.007209296,0.08605394,0.9446256570518017,570,145920,6668.976595518001,9338880
405.92,27.59,328.6,16.43,1411,0.010133506,0.11745199,2.1437926,-0.0075875134,0.11079822,0.9397309124469757,571,146176,6680.585590155999,9355264
407.47,27.91,351.67,18.18,1402,0.010951325,0.12076823,2.140827,-0.007627282,0.11666545,0.9381832666695118,572,146432,6692.265954873001,9371648
412.85,28.25,358.75,19.33,1410,0.009996568,0.117757164,2.1544044,-0.00825425,0.07169848,0.9566542431712151,573,146688,6703.886180016998,9388032
411.21,28.35,356.32,18.71,1394,0.011411342,0.12595622,2.1387951,-0.0059652124,0.11256362,0.9443402551114559,574,146944,6715.632969961,9404416
402.72,27.4,339.05,17.39,1409,0.017891197,0.17706299,2.131263,-0.0111261355,0.18474853,0.8866365998983383,575,147200,6727.254159862001,9420800
403.21,27.65,342.5,17.32,1401,0.013160262,0.15490723,2.1645515,-0.008392127,0.09701414,0.9324077442288399,576,147456,6738.948208730999,9437184
405.09,28.48,343.88,17.96,1411,0.012900698,0.15142822,2.1508431,-0.008523109,0.11682689,0.9260550290346146,577,147712,6750.553512576,9453568
402.83,26.74,346.45,18.87,1399,0.014874954,0.15464275,2.1635015,-0.007248904,0.28065306,0.8446062505245209,578,147968,6762.258003539999,9469952
398.7,26.61,340.19,17.53,1410,0.0144031895,0.15220134,2.1733453,-0.006431248,0.1364403,0.9187455400824547,579,148224,6773.870544138001,9486336
401.88,26.65,348.26,17.69,1398,0.014368157,0.14217122,2.1598022,-0.008603805,0.16105519,0.8952434062957764,580,148480,6785.584694003999,9502720
407.95,27.68,357.0,18.26,1414,0.019311737,0.16263835,2.170481,-0.008923291,0.10483187,0.9208822771906853,581,148736,6797.17112273,9519104
402.0,27.43,345.7,17.78,1398,0.015665228,0.15309651,2.189895,-0.007473552,0.16575056,0.8832076191902161,582,148992,6808.889925732998,9535488
398.04,27.31,338.97,17.67,1411,0.013217192,0.1352539,2.1716273,-0.007808017,0.1445057,0.9131090417504311,583,149248,6820.497700183998,9551872
405.33,28.01,356.08,18.02,1399,0.013500904,0.15616862,2.146736,-0.005216437,0.10406431,0.9231109917163849,584,149504,6832.207016154,9568256
403.13,27.26,348.85,17.41,1406,0.011316329,0.12121582,2.1554303,-0.008549575,0.1275124,0.9040396437048912,585,149760,6843.853479538,9584640
402.58,27.12,337.17,17.9,1401,0.010166981,0.10282389,2.1321046,-0.005606048,0.22324364,0.8820670619606972,586,150016,6855.546742406001,9601024
400.63,26.46,339.11,17.61,1413,0.010136643,0.11621094,2.1153903,-0.004512599,0.21185559,0.8826814442873001,587,150272,6867.137816235001,9617408
404.57,27.41,335.0,17.18,1402,0.015965879,0.16640218,2.1252348,-0.011672136,0.07310738,0.955073144286871,588,150528,6878.823416970998,9633792
398.97,27.72,343.26,17.95,1415,0.015827296,0.16212972,2.1200848,-0.006962108,0.19623683,0.8892768919467926,589,150784,6890.397079209,9650176
391.06,26.59,363.2,19.45,1403,0.01687477,0.17197673,2.1424205,-0.004750883,0.14351414,0.9088313803076744,590,151040,6902.075102237999,9666560
391.42,26.49,371.88,19.58,1413,0.016491914,0.17175293,2.1456833,-0.00805409,0.2563171,0.8483987301588058,591,151296,6913.663261047001,9682944
383.5,25.61,366.94,19.13,1402,0.018344682,0.14935303,2.1597507,-0.006483762,0.22908771,0.8615231812000275,592,151552,6925.343262405,9699328
388.05,26.14,351.53,18.72,1406,0.012016223,0.12642415,2.1612272,-0.00582562,0.14758839,0.8827949240803719,593,151808,6936.993545417998,9715712
401.11,27.55,336.95,18.15,1395,0.014640809,0.16330974,2.1525326,-0.007891565,0.078292765,0.9388868995010853,594,152064,6948.733925542001,9732096
407.67,28.36,341.72,17.67,1414,0.014110337,0.15081787,2.1631398,-0.007549265,0.111790515,0.9182611852884293,595,152320,6960.317102574001,9748480
406.95,28.22,326.93,15.82,1402,0.012940572,0.15081787,2.1633885,-0.009742424,0.062219944,0.9617997333407402,596,152576,6971.999127305,9764864
402.17,27.42,324.53,14.94,1415,0.011925499,0.1285197,2.1559036,-0.008491811,0.21890187,0.8470918089151382,597,152832,6983.572450508,9781248
399.29,26.8,327.0,14.79,1402,0.013729878,0.14497884,2.1576588,-0.0076479614,0.21197127,0.8604549318552017,598,153088,6995.255543361,9797632
397.93,26.64,310.23,14.46,1411,0.019807097,0.1833903,2.1522162,-0.007748423,0.1614758,0.8977888077497482,599,153344,7006.864939349998,9814016
394.04,26.68,332.85,16.12,1400,0.015970422,0.15057373,2.1564295,-0.0077830306,0.23260719,0.8237902075052261,600,153600,7018.560869124998,9830400
385.55,26.18,354.54,17.43,1417,0.012331204,0.14404297,2.178005,-0.0078035607,0.11188421,0.9232175797224045,601,153856,7030.1237179499985,9846784
390.3,26.62,343.98,16.9,1398,0.015391299,0.17047119,2.177263,-0.008336336,0.1843826,0.861223965883255,602,154112,7041.843048141,9863168
388.16,25.9,333.96,15.74,1410,0.012497588,0.14766438,2.1636178,-0.006465089,0.1539004,0.8994491547346115,603,154368,7053.460306778998,9879552
392.0,26.62,325.6,15.41,1399,0.014871894,0.17572021,2.1762402,-0.009162637,0.13600641,0.9062725827097893,604,154624,7065.169483858001,9895936
399.64,26.92,350.31,18.18,1414,0.017849252,0.19948323,2.1649125,-0.006739842,0.15400836,0.9106831401586533,605,154880,7076.751761691001,9912320
401.45,26.99,372.28,19.06,1399,0.017467178,0.18214925,2.1802058,-0.008281272,0.081481844,0.9455598294734955,606,155136,7088.456621844998,9928704
408.55,27.54,357.63,18.78,1413,0.014771146,0.15242513,2.1939092,-0.00724374,0.108591504,0.9384679906070232,607,155392,7100.045608783999,9945088
402.79,26.65,347.46,18.03,1398,0.014181912,0.15915935,2.1870477,-0.009314654,0.11783863,0.9149497225880623,608,155648,7111.761784047998,9961472
400.41,26.43,341.0,17.49,1416,0.0146281,0.1605428,2.1705427,-0.009681334,0.086038254,0.9477899484336376,609,155904,7123.331610483998,9977856
403.25,26.65,330.77,15.84,1401,0.013931922,0.14957683,2.1782713,-0.007769493,0.19955893,0.8478707075119019,610,156160,7135.025336000999,9994240
